#
# There is insufficient memory for the Java Runtime Environment to continue.
# Native memory allocation (mmap) failed to map 207618048 bytes. Error detail: G1 virtual space
# Possible reasons:
#   The system is out of physical RAM or swap space
#   This process is running with CompressedOops enabled, and the Java Heap may be blocking the growth of the native heap
# Possible solutions:
#   Reduce memory load on the system
#   Increase physical memory or swap space
#   Check if swap backing store is full
#   Decrease Java heap size (-Xmx/-Xms)
#   Decrease number of Java threads
#   Decrease Java thread stack sizes (-Xss)
#   Set larger code cache with -XX:ReservedCodeCacheSize=
#   JVM is running with Unscaled Compressed Oops mode in which the Java heap is
#     placed in the first 4GB address space. The Java Heap base address is the
#     maximum limit for the native heap growth. Please use -XX:HeapBaseMinAddress
#     to set the Java Heap base and to place the Java Heap above 4GB virtual address.
# This output file may be truncated or incomplete.
#
#  Out of Memory Error (os_windows.cpp:3686), pid=25056, tid=23424
#
# JRE version: OpenJDK Runtime Environment Temurin-21.0.7+6 (21.0.7+6) (build 21.0.7+6-LTS)
# Java VM: OpenJDK 64-Bit Server VM Temurin-21.0.7+6 (21.0.7+6-LTS, mixed mode, sharing, tiered, compressed oops, compressed class ptrs, g1 gc, windows-amd64)
# No core dump will be written. Minidumps are not enabled by default on client versions of Windows
#

---------------  S U M M A R Y ------------

Command Line: --add-opens=java.base/java.lang=ALL-UNNAMED --add-opens=java.base/java.lang.invoke=ALL-UNNAMED --add-opens=java.base/java.util=ALL-UNNAMED --add-opens=java.prefs/java.util.prefs=ALL-UNNAMED --add-exports=jdk.compiler/com.sun.tools.javac.api=ALL-UNNAMED --add-exports=jdk.compiler/com.sun.tools.javac.util=ALL-UNNAMED --add-opens=java.base/java.util=ALL-UNNAMED --add-opens=java.prefs/java.util.prefs=ALL-UNNAMED --add-opens=java.base/java.nio.charset=ALL-UNNAMED --add-opens=java.base/java.net=ALL-UNNAMED --add-opens=java.base/java.util.concurrent=ALL-UNNAMED --add-opens=java.base/java.util.concurrent.atomic=ALL-UNNAMED --add-opens=java.xml/javax.xml.namespace=ALL-UNNAMED --add-opens=java.base/java.time=ALL-UNNAMED -Xmx2048m -Dfile.encoding=UTF-8 -Duser.country=MX -Duser.language=es -Duser.variant -javaagent:C:\Users\jmedi\.gradle\wrapper\dists\gradle-9.2.1-bin\2t0n5ozlw9xmuyvbp7dnzaxug\gradle-9.2.1\lib\agents\gradle-instrumentation-agent-9.2.1.jar org.gradle.launcher.daemon.bootstrap.GradleDaemon 9.2.1

Host: AMD Ryzen 5 8645HS w/ Radeon 760M Graphics, 12 cores, 7G,  Windows 11 , 64 bit Build 26100 (10.0.26100.8328)
Time: Mon May 11 13:32:59 2026 Hora estándar central (México) elapsed time: 39.267598 seconds (0d 0h 0m 39s)

---------------  T H R E A D  ---------------

Current thread (0x000001e4249ce0d0):  VMThread "VM Thread"          [id=23424, stack(0x0000001fb1900000,0x0000001fb1a00000) (1024K)]

Stack: [0x0000001fb1900000,0x0000001fb1a00000]
Native frames: (J=compiled Java code, j=interpreted, Vv=VM code, C=native code)
V  [jvm.dll+0x6ce119]
V  [jvm.dll+0x8a84a1]
V  [jvm.dll+0x8aa9ce]
V  [jvm.dll+0x8ab0b3]
V  [jvm.dll+0x27f8a6]
V  [jvm.dll+0x6ca945]
V  [jvm.dll+0x6bebea]
V  [jvm.dll+0x355eca]
V  [jvm.dll+0x35da96]
V  [jvm.dll+0x3af72e]
V  [jvm.dll+0x3af9d8]
V  [jvm.dll+0x32a05c]
V  [jvm.dll+0x32c8b6]
V  [jvm.dll+0x336aa8]
V  [jvm.dll+0x36bfcf]
V  [jvm.dll+0x8b0dcf]
V  [jvm.dll+0x8b2154]
V  [jvm.dll+0x8b2690]
V  [jvm.dll+0x8b2933]
V  [jvm.dll+0x851f6b]
V  [jvm.dll+0x6cc7dd]
C  [ucrtbase.dll+0x37b0]
C  [KERNEL32.DLL+0x2e957]
C  [ntdll.dll+0x427c]

VM_Operation (0x0000001fb14ff9f0): G1PauseRemark, mode: safepoint, requested by thread 0x000001e4079ae790


---------------  P R O C E S S  ---------------

Threads class SMR info:
_java_thread_list=0x000001e4703e0320, length=215, elements={
0x000001e4055fb570, 0x000001e4249e8ab0, 0x000001e4249ed520, 0x000001e4249f9000,
0x000001e4249fa3b0, 0x000001e4249fb760, 0x000001e4249f9d20, 0x000001e424a14f10,
0x000001e424a18e70, 0x000001e4249faa40, 0x000001e4249f9690, 0x000001e4249fbdf0,
0x000001e4249fc480, 0x000001e46b614320, 0x000001e46b6149b0, 0x000001e46b612f70,
0x000001e46b615040, 0x000001e46b6163f0, 0x000001e46b6156d0, 0x000001e46b615d60,
0x000001e46b616a80, 0x000001e46b613c90, 0x000001e46b619870, 0x000001e46b619f00,
0x000001e46b618b50, 0x000001e46b6191e0, 0x000001e46b61a590, 0x000001e46b6177a0,
0x000001e46b6184c0, 0x000001e46bcffec0, 0x000001e46bd01900, 0x000001e46bd01270,
0x000001e46bd00be0, 0x000001e46bd074e0, 0x000001e46bd05410, 0x000001e46bd05aa0,
0x000001e46bd067c0, 0x000001e46bd06130, 0x000001e46bd046f0, 0x000001e46bd04d80,
0x000001e46bd06e50, 0x000001e46fcbf970, 0x000001e46fcc0690, 0x000001e46fcc0d20,
0x000001e46fcbf2e0, 0x000001e46fcc20d0, 0x000001e46fcc13b0, 0x000001e46fcc0000,
0x000001e46fcc1a40, 0x000001e46fcbec50, 0x000001e46fcc4830, 0x000001e46fcc2df0,
0x000001e46fcc5be0, 0x000001e46fcc2760, 0x000001e46fcc3480, 0x000001e46fcc3b10,
0x000001e46fcc41a0, 0x000001e46fcc4ec0, 0x000001e46fcc5550, 0x000001e46d735980,
0x000001e46d732b90, 0x000001e46d7345d0, 0x000001e46d736010, 0x000001e46d7338b0,
0x000001e46d734c60, 0x000001e46d7422e0, 0x000001e46d745df0, 0x000001e46d744a40,
0x000001e470cf0580, 0x000001e470cef1d0, 0x000001e470cf1fc0, 0x000001e46bcd5d60,
0x000001e46bcd2f70, 0x000001e46bcd6a80, 0x000001e46bcd3600, 0x000001e46d743000,
0x000001e46d7352f0, 0x000001e46bd03340, 0x000001e4767cc050, 0x000001e4767c8bd0,
0x000001e4767c98f0, 0x000001e4767cc6e0, 0x000001e4767c9f80, 0x000001e4767ca610,
0x000001e4767c9260, 0x000001e4767cb330, 0x000001e4767cd400, 0x000001e4767ccd70,
0x000001e4767cda90, 0x000001e4767cb9c0, 0x000001e4767ce120, 0x000001e4767caca0,
0x000001e4767cee40, 0x000001e4767cfb60, 0x000001e4767ce7b0, 0x000001e4767cf4d0,
0x000001e4767d01f0, 0x000001e46bcd28e0, 0x000001e46bccf460, 0x000001e46bccfaf0,
0x000001e46bcd0180, 0x000001e46bcd3c90, 0x000001e46bcd0810, 0x000001e46bcd4320,
0x000001e46bcd5040, 0x000001e46bcd1bc0, 0x000001e46bf2ce50, 0x000001e46bf2d4e0,
0x000001e46bf2c130, 0x000001e46bf2fc40, 0x000001e46bf302d0, 0x000001e46bf31680,
0x000001e46bf30ff0, 0x000001e46bf323a0, 0x000001e46bf31d10, 0x000001e46bf32a30,
0x000001e46e2cfbc0, 0x000001e46e2ce180, 0x000001e4765f64a0, 0x000001e4765f6b30,
0x000001e4765f50f0, 0x000001e4765f8c00, 0x000001e4765f5780, 0x000001e4765f9290,
0x000001e4765f7850, 0x000001e4765f8570, 0x000001e4765f5e10, 0x000001e4765f9920,
0x000001e4765fa640, 0x000001e4765f71c0, 0x000001e4765fb9f0, 0x000001e4765fd430,
0x000001e4765fcda0, 0x000001e4765fe150, 0x000001e4765facd0, 0x000001e4765fc080,
0x000001e4765fdac0, 0x000001e4765fc710, 0x000001e4765fe7e0, 0x000001e4765fee70,
0x000001e476600f40, 0x000001e4766015d0, 0x000001e4766008b0, 0x000001e4766022f0,
0x000001e476602980, 0x000001e4765ff500, 0x000001e476603010, 0x000001e4765ffb90,
0x000001e4766036a0, 0x000001e476600220, 0x000001e476603d30, 0x000001e4766043c0,
0x000001e46e2ca670, 0x000001e46e2cba20, 0x000001e46e2cb390, 0x000001e46e2cad00,
0x000001e46e2cc0b0, 0x000001e46e2cc740, 0x000001e46e2ccdd0, 0x000001e46e2c9fe0,
0x000001e46e2d0250, 0x000001e46e2ce810, 0x000001e46e2d08e0, 0x000001e46e2d0f70,
0x000001e46e2ceea0, 0x000001e46e2cdaf0, 0x000001e46e2d1600, 0x000001e46e2cf530,
0x000001e470cf0c10, 0x000001e470cee4b0, 0x000001e470ceeb40, 0x000001e470cf2650,
0x000001e46bf30960, 0x000001e46bf2e890, 0x000001e46bf2ef20, 0x000001e46bf2f5b0,
0x000001e46bf33750, 0x000001e470cef860, 0x000001e470cefef0, 0x000001e470cf3a00,
0x000001e470cf4090, 0x000001e470cf4720, 0x000001e470cf4db0, 0x000001e470cf5440,
0x000001e46bcd49b0, 0x000001e46bcd63f0, 0x000001e46bcd56d0, 0x000001e46d73fb80,
0x000001e46e2cd460, 0x000001e4761bddf0, 0x000001e4761be480, 0x000001e46bf0f030,
0x000001e46bf0f6c0, 0x000001e46bf0e310, 0x000001e46bf0c8d0, 0x000001e46bf0dc80,
0x000001e46bf0cf60, 0x000001e46bf0e9a0, 0x000001e46bf0fd50, 0x000001e46bf103e0,
0x000001e46bf13860, 0x000001e46bf10a70, 0x000001e46bf11e20, 0x000001e47760d4e0,
0x000001e47760a6f0, 0x000001e47760a060, 0x000001e47760db70, 0x000001e47760e200,
0x000001e47760ce50, 0x000001e47760ad80, 0x000001e47760c7c0, 0x000001e47760e890,
0x000001e47760c130, 0x000001e47760ef20, 0x000001e47760baa0
}

Java Threads: ( => current thread )
  0x000001e4055fb570 JavaThread "main"                              [_thread_blocked, id=21192, stack(0x0000001fb1200000,0x0000001fb1300000) (1024K)]
  0x000001e4249e8ab0 JavaThread "Reference Handler"          daemon [_thread_blocked, id=2012, stack(0x0000001fb1a00000,0x0000001fb1b00000) (1024K)]
  0x000001e4249ed520 JavaThread "Finalizer"                  daemon [_thread_blocked, id=23504, stack(0x0000001fb1b00000,0x0000001fb1c00000) (1024K)]
  0x000001e4249f9000 JavaThread "Signal Dispatcher"          daemon [_thread_blocked, id=11640, stack(0x0000001fb1c00000,0x0000001fb1d00000) (1024K)]
  0x000001e4249fa3b0 JavaThread "Attach Listener"            daemon [_thread_blocked, id=23848, stack(0x0000001fb1d00000,0x0000001fb1e00000) (1024K)]
  0x000001e4249fb760 JavaThread "Service Thread"             daemon [_thread_blocked, id=19660, stack(0x0000001fb1e00000,0x0000001fb1f00000) (1024K)]
  0x000001e4249f9d20 JavaThread "Monitor Deflation Thread"   daemon [_thread_blocked, id=24520, stack(0x0000001fb1f00000,0x0000001fb2000000) (1024K)]
  0x000001e424a14f10 JavaThread "C2 CompilerThread0"         daemon [_thread_blocked, id=10212, stack(0x0000001fb2000000,0x0000001fb2100000) (1024K)]
  0x000001e424a18e70 JavaThread "C1 CompilerThread0"         daemon [_thread_blocked, id=2500, stack(0x0000001fb2100000,0x0000001fb2200000) (1024K)]
  0x000001e4249faa40 JavaThread "Common-Cleaner"             daemon [_thread_blocked, id=7932, stack(0x0000001fb2200000,0x0000001fb2300000) (1024K)]
  0x000001e4249f9690 JavaThread "Notification Thread"        daemon [_thread_blocked, id=21376, stack(0x0000001fb2400000,0x0000001fb2500000) (1024K)]
  0x000001e4249fbdf0 JavaThread "Daemon health stats"               [_thread_blocked, id=6624, stack(0x0000001fb2900000,0x0000001fb2a00000) (1024K)]
  0x000001e4249fc480 JavaThread "Incoming local TCP Connector on port 52878"        [_thread_in_native, id=23172, stack(0x0000001fb2f00000,0x0000001fb3000000) (1024K)]
  0x000001e46b614320 JavaThread "Daemon periodic checks"            [_thread_blocked, id=13716, stack(0x0000001fb3000000,0x0000001fb3100000) (1024K)]
  0x000001e46b6149b0 JavaThread "Daemon"                            [_thread_blocked, id=20252, stack(0x0000001fb3100000,0x0000001fb3200000) (1024K)]
  0x000001e46b612f70 JavaThread "Handler for socket connection from /127.0.0.1:52878 to /127.0.0.1:52879"        [_thread_in_native, id=23316, stack(0x0000001fb3200000,0x0000001fb3300000) (1024K)]
  0x000001e46b615040 JavaThread "Cancel handler"                    [_thread_blocked, id=23692, stack(0x0000001fb3300000,0x0000001fb3400000) (1024K)]
  0x000001e46b6163f0 JavaThread "Daemon worker"                     [_thread_blocked, id=22896, stack(0x0000001fb3400000,0x0000001fb3500000) (1024K)]
  0x000001e46b6156d0 JavaThread "Asynchronous log dispatcher for DefaultDaemonConnection: socket connection from /127.0.0.1:52878 to /127.0.0.1:52879"        [_thread_blocked, id=23880, stack(0x0000001fb3500000,0x0000001fb3600000) (1024K)]
  0x000001e46b615d60 JavaThread "Stdin handler"                     [_thread_blocked, id=21564, stack(0x0000001fb3600000,0x0000001fb3700000) (1024K)]
  0x000001e46b616a80 JavaThread "Daemon client event forwarder"        [_thread_blocked, id=22468, stack(0x0000001fb3700000,0x0000001fb3800000) (1024K)]
  0x000001e46b613c90 JavaThread "Cache worker for journal cache (C:\Users\jmedi\.gradle\caches\journal-1)"        [_thread_blocked, id=24572, stack(0x0000001fb3800000,0x0000001fb3900000) (1024K)]
  0x000001e46b619870 JavaThread "File lock request listener"        [_thread_in_native, id=24048, stack(0x0000001fb3900000,0x0000001fb3a00000) (1024K)]
  0x000001e46b619f00 JavaThread "Cache worker for file hash cache (C:\Users\jmedi\.gradle\caches\9.2.1\fileHashes)"        [_thread_blocked, id=22000, stack(0x0000001fb3a00000,0x0000001fb3b00000) (1024K)]
  0x000001e46b618b50 JavaThread "Cache worker for file hash cache (C:\Users\jmedi\AndroidStudioProjects\camerax\.gradle\9.2.1\fileHashes)"        [_thread_blocked, id=3192, stack(0x0000001fb3d00000,0x0000001fb3e00000) (1024K)]
  0x000001e46b6191e0 JavaThread "Cache worker for Build Output Cleanup Cache (C:\Users\jmedi\AndroidStudioProjects\camerax\.gradle\buildOutputCleanup)"        [_thread_blocked, id=22988, stack(0x0000001fb3e00000,0x0000001fb3f00000) (1024K)]
  0x000001e46b61a590 JavaThread "File watcher server"        daemon [_thread_blocked, id=7820, stack(0x0000001fb3f00000,0x0000001fb4000000) (1024K)]
  0x000001e46b6177a0 JavaThread "File watcher consumer"      daemon [_thread_blocked, id=25200, stack(0x0000001fb4000000,0x0000001fb4100000) (1024K)]
  0x000001e46b6184c0 JavaThread "Cache worker for checksums cache (C:\Users\jmedi\AndroidStudioProjects\camerax\.gradle\9.2.1\checksums)"        [_thread_blocked, id=9140, stack(0x0000001fb4100000,0x0000001fb4200000) (1024K)]
  0x000001e46bcffec0 JavaThread "Cache worker for file content cache (C:\Users\jmedi\.gradle\caches\9.2.1\fileContent)"        [_thread_blocked, id=24184, stack(0x0000001fb4200000,0x0000001fb4300000) (1024K)]
  0x000001e46bd01900 JavaThread "Cache worker for cache directory md-supplier (C:\Users\jmedi\.gradle\caches\9.2.1\md-supplier)"        [_thread_blocked, id=13956, stack(0x0000001fb4300000,0x0000001fb4400000) (1024K)]
  0x000001e46bd01270 JavaThread "Cache worker for cache directory md-rule (C:\Users\jmedi\.gradle\caches\9.2.1\md-rule)"        [_thread_blocked, id=7152, stack(0x0000001fb4400000,0x0000001fb4500000) (1024K)]
  0x000001e46bd00be0 JavaThread "Unconstrained build operations"        [_thread_blocked, id=25516, stack(0x0000001fb4500000,0x0000001fb4600000) (1024K)]
  0x000001e46bd074e0 JavaThread "Unconstrained build operations Thread 2"        [_thread_blocked, id=24848, stack(0x0000001fb4600000,0x0000001fb4700000) (1024K)]
  0x000001e46bd05410 JavaThread "Unconstrained build operations Thread 3"        [_thread_blocked, id=24216, stack(0x0000001fb4700000,0x0000001fb4800000) (1024K)]
  0x000001e46bd05aa0 JavaThread "Unconstrained build operations Thread 4"        [_thread_blocked, id=12644, stack(0x0000001fb4800000,0x0000001fb4900000) (1024K)]
  0x000001e46bd067c0 JavaThread "Unconstrained build operations Thread 5"        [_thread_blocked, id=22900, stack(0x0000001fb4900000,0x0000001fb4a00000) (1024K)]
  0x000001e46bd06130 JavaThread "Unconstrained build operations Thread 6"        [_thread_blocked, id=8360, stack(0x0000001fb4a00000,0x0000001fb4b00000) (1024K)]
  0x000001e46bd046f0 JavaThread "Unconstrained build operations Thread 7"        [_thread_blocked, id=1004, stack(0x0000001fb4b00000,0x0000001fb4c00000) (1024K)]
  0x000001e46bd04d80 JavaThread "Unconstrained build operations Thread 8"        [_thread_blocked, id=23760, stack(0x0000001fb4c00000,0x0000001fb4d00000) (1024K)]
  0x000001e46bd06e50 JavaThread "Unconstrained build operations Thread 9"        [_thread_blocked, id=21576, stack(0x0000001fb4d00000,0x0000001fb4e00000) (1024K)]
  0x000001e46fcbf970 JavaThread "Unconstrained build operations Thread 10"        [_thread_blocked, id=14512, stack(0x0000001fb4e00000,0x0000001fb4f00000) (1024K)]
  0x000001e46fcc0690 JavaThread "Unconstrained build operations Thread 11"        [_thread_blocked, id=23140, stack(0x0000001fb4f00000,0x0000001fb5000000) (1024K)]
  0x000001e46fcc0d20 JavaThread "Unconstrained build operations Thread 12"        [_thread_blocked, id=12308, stack(0x0000001fb5000000,0x0000001fb5100000) (1024K)]
  0x000001e46fcbf2e0 JavaThread "Unconstrained build operations Thread 13"        [_thread_blocked, id=1524, stack(0x0000001fb5100000,0x0000001fb5200000) (1024K)]
  0x000001e46fcc20d0 JavaThread "Unconstrained build operations Thread 14"        [_thread_blocked, id=10764, stack(0x0000001fb5200000,0x0000001fb5300000) (1024K)]
  0x000001e46fcc13b0 JavaThread "Unconstrained build operations Thread 15"        [_thread_blocked, id=20396, stack(0x0000001fb5300000,0x0000001fb5400000) (1024K)]
  0x000001e46fcc0000 JavaThread "Unconstrained build operations Thread 16"        [_thread_blocked, id=10924, stack(0x0000001fb5400000,0x0000001fb5500000) (1024K)]
  0x000001e46fcc1a40 JavaThread "Unconstrained build operations Thread 17"        [_thread_blocked, id=9724, stack(0x0000001fb5500000,0x0000001fb5600000) (1024K)]
  0x000001e46fcbec50 JavaThread "Unconstrained build operations Thread 18"        [_thread_blocked, id=9296, stack(0x0000001fb5600000,0x0000001fb5700000) (1024K)]
  0x000001e46fcc4830 JavaThread "Unconstrained build operations Thread 19"        [_thread_blocked, id=14860, stack(0x0000001fb5700000,0x0000001fb5800000) (1024K)]
  0x000001e46fcc2df0 JavaThread "Unconstrained build operations Thread 20"        [_thread_blocked, id=24356, stack(0x0000001fb5800000,0x0000001fb5900000) (1024K)]
  0x000001e46fcc5be0 JavaThread "Unconstrained build operations Thread 21"        [_thread_blocked, id=24852, stack(0x0000001fb5900000,0x0000001fb5a00000) (1024K)]
  0x000001e46fcc2760 JavaThread "Unconstrained build operations Thread 22"        [_thread_blocked, id=24668, stack(0x0000001fb5a00000,0x0000001fb5b00000) (1024K)]
  0x000001e46fcc3480 JavaThread "Unconstrained build operations Thread 23"        [_thread_blocked, id=17168, stack(0x0000001fb5b00000,0x0000001fb5c00000) (1024K)]
  0x000001e46fcc3b10 JavaThread "Unconstrained build operations Thread 24"        [_thread_blocked, id=7604, stack(0x0000001fb5c00000,0x0000001fb5d00000) (1024K)]
  0x000001e46fcc41a0 JavaThread "Unconstrained build operations Thread 25"        [_thread_blocked, id=20556, stack(0x0000001fb5d00000,0x0000001fb5e00000) (1024K)]
  0x000001e46fcc4ec0 JavaThread "Unconstrained build operations Thread 26"        [_thread_blocked, id=18148, stack(0x0000001fb5e00000,0x0000001fb5f00000) (1024K)]
  0x000001e46fcc5550 JavaThread "Unconstrained build operations Thread 27"        [_thread_blocked, id=15528, stack(0x0000001fb5f00000,0x0000001fb6000000) (1024K)]
  0x000001e46d735980 JavaThread "Unconstrained build operations Thread 28"        [_thread_blocked, id=25088, stack(0x0000001fb6000000,0x0000001fb6100000) (1024K)]
  0x000001e46d732b90 JavaThread "Unconstrained build operations Thread 29"        [_thread_blocked, id=21216, stack(0x0000001fb6100000,0x0000001fb6200000) (1024K)]
  0x000001e46d7345d0 JavaThread "Unconstrained build operations Thread 30"        [_thread_blocked, id=18772, stack(0x0000001fb6200000,0x0000001fb6300000) (1024K)]
  0x000001e46d736010 JavaThread "Unconstrained build operations Thread 31"        [_thread_blocked, id=21928, stack(0x0000001fb6300000,0x0000001fb6400000) (1024K)]
  0x000001e46d7338b0 JavaThread "Unconstrained build operations Thread 32"        [_thread_blocked, id=13480, stack(0x0000001fb6400000,0x0000001fb6500000) (1024K)]
  0x000001e46d734c60 JavaThread "Unconstrained build operations Thread 33"        [_thread_blocked, id=18100, stack(0x0000001fb6500000,0x0000001fb6600000) (1024K)]
  0x000001e46d7422e0 JavaThread "Problems report writer"            [_thread_blocked, id=21628, stack(0x0000001fb2300000,0x0000001fb2400000) (1024K)]
  0x000001e46d745df0 JavaThread "Memory manager"                    [_thread_blocked, id=21544, stack(0x0000001fb6600000,0x0000001fb6700000) (1024K)]
  0x000001e46d744a40 JavaThread "build event listener"              [_thread_blocked, id=13132, stack(0x0000001fb6700000,0x0000001fb6800000) (1024K)]
  0x000001e470cf0580 JavaThread "pool-3-thread-1"                   [_thread_blocked, id=9144, stack(0x0000001fb6900000,0x0000001fb6a00000) (1024K)]
  0x000001e470cef1d0 JavaThread "build event listener"              [_thread_blocked, id=2456, stack(0x0000001fb6a00000,0x0000001fb6b00000) (1024K)]
  0x000001e470cf1fc0 JavaThread "included builds"                   [_thread_blocked, id=9716, stack(0x0000001fb6b00000,0x0000001fb6c00000) (1024K)]
  0x000001e46bcd5d60 JavaThread "Execution worker"                  [_thread_blocked, id=10304, stack(0x0000001fb6c00000,0x0000001fb6d00000) (1024K)]
  0x000001e46bcd2f70 JavaThread "Execution worker Thread 2"         [_thread_blocked, id=22652, stack(0x0000001fb6d00000,0x0000001fb6e00000) (1024K)]
  0x000001e46bcd6a80 JavaThread "Execution worker Thread 3"         [_thread_blocked, id=17700, stack(0x0000001fb6e00000,0x0000001fb6f00000) (1024K)]
  0x000001e46bcd3600 JavaThread "Execution worker Thread 4"         [_thread_blocked, id=8528, stack(0x0000001fb6f00000,0x0000001fb7000000) (1024K)]
  0x000001e46d743000 JavaThread "Execution worker Thread 5"         [_thread_blocked, id=25500, stack(0x0000001fb7000000,0x0000001fb7100000) (1024K)]
  0x000001e46d7352f0 JavaThread "Execution worker Thread 6"         [_thread_blocked, id=4288, stack(0x0000001fb7100000,0x0000001fb7200000) (1024K)]
  0x000001e46bd03340 JavaThread "Execution worker Thread 7"         [_thread_blocked, id=12412, stack(0x0000001fb7200000,0x0000001fb7300000) (1024K)]
  0x000001e4767cc050 JavaThread "Execution worker Thread 8"         [_thread_blocked, id=25324, stack(0x0000001fb7300000,0x0000001fb7400000) (1024K)]
  0x000001e4767c8bd0 JavaThread "Execution worker Thread 9"         [_thread_blocked, id=12388, stack(0x0000001fb7400000,0x0000001fb7500000) (1024K)]
  0x000001e4767c98f0 JavaThread "Execution worker Thread 10"        [_thread_blocked, id=14124, stack(0x0000001fb7500000,0x0000001fb7600000) (1024K)]
  0x000001e4767cc6e0 JavaThread "Execution worker Thread 11"        [_thread_blocked, id=23280, stack(0x0000001fb7600000,0x0000001fb7700000) (1024K)]
  0x000001e4767c9f80 JavaThread "Cache worker for execution history cache (C:\Users\jmedi\AndroidStudioProjects\camerax\.gradle\9.2.1\executionHistory)"        [_thread_blocked, id=6316, stack(0x0000001fb7700000,0x0000001fb7800000) (1024K)]
  0x000001e4767ca610 JavaThread "Unconstrained build operations Thread 34"        [_thread_blocked, id=5248, stack(0x0000001fb7800000,0x0000001fb7900000) (1024K)]
  0x000001e4767c9260 JavaThread "Unconstrained build operations Thread 35"        [_thread_blocked, id=20240, stack(0x0000001fb7900000,0x0000001fb7a00000) (1024K)]
  0x000001e4767cb330 JavaThread "Unconstrained build operations Thread 36"        [_thread_blocked, id=15204, stack(0x0000001fb7a00000,0x0000001fb7b00000) (1024K)]
  0x000001e4767cd400 JavaThread "Unconstrained build operations Thread 37"        [_thread_blocked, id=4916, stack(0x0000001fb7b00000,0x0000001fb7c00000) (1024K)]
  0x000001e4767ccd70 JavaThread "Unconstrained build operations Thread 38"        [_thread_blocked, id=22608, stack(0x0000001fb7c00000,0x0000001fb7d00000) (1024K)]
  0x000001e4767cda90 JavaThread "Unconstrained build operations Thread 39"        [_thread_blocked, id=15520, stack(0x0000001fb7d00000,0x0000001fb7e00000) (1024K)]
  0x000001e4767cb9c0 JavaThread "Unconstrained build operations Thread 40"        [_thread_blocked, id=13780, stack(0x0000001fb7e00000,0x0000001fb7f00000) (1024K)]
  0x000001e4767ce120 JavaThread "Unconstrained build operations Thread 41"        [_thread_blocked, id=22832, stack(0x0000001fb7f00000,0x0000001fb8000000) (1024K)]
  0x000001e4767caca0 JavaThread "Unconstrained build operations Thread 42"        [_thread_blocked, id=19180, stack(0x0000001fb8000000,0x0000001fb8100000) (1024K)]
  0x000001e4767cee40 JavaThread "Unconstrained build operations Thread 43"        [_thread_blocked, id=16152, stack(0x0000001fb8100000,0x0000001fb8200000) (1024K)]
  0x000001e4767cfb60 JavaThread "Unconstrained build operations Thread 44"        [_thread_blocked, id=17996, stack(0x0000001fb8200000,0x0000001fb8300000) (1024K)]
  0x000001e4767ce7b0 JavaThread "WorkerExecutor Queue"              [_thread_blocked, id=22148, stack(0x0000001fb8300000,0x0000001fb8400000) (1024K)]
  0x000001e4767cf4d0 JavaThread "Unconstrained build operations Thread 45"        [_thread_blocked, id=20416, stack(0x0000001fb8400000,0x0000001fb8500000) (1024K)]
  0x000001e4767d01f0 JavaThread "Unconstrained build operations Thread 46"        [_thread_blocked, id=15836, stack(0x0000001fb8500000,0x0000001fb8600000) (1024K)]
  0x000001e46bcd28e0 JavaThread "Unconstrained build operations Thread 47"        [_thread_blocked, id=16456, stack(0x0000001fb8600000,0x0000001fb8700000) (1024K)]
  0x000001e46bccf460 JavaThread "Unconstrained build operations Thread 48"        [_thread_blocked, id=16908, stack(0x0000001fb8700000,0x0000001fb8800000) (1024K)]
  0x000001e46bccfaf0 JavaThread "Unconstrained build operations Thread 49"        [_thread_blocked, id=19052, stack(0x0000001fb8800000,0x0000001fb8900000) (1024K)]
  0x000001e46bcd0180 JavaThread "Unconstrained build operations Thread 50"        [_thread_blocked, id=6600, stack(0x0000001fb8900000,0x0000001fb8a00000) (1024K)]
  0x000001e46bcd3c90 JavaThread "Unconstrained build operations Thread 51"        [_thread_blocked, id=20848, stack(0x0000001fb8a00000,0x0000001fb8b00000) (1024K)]
  0x000001e46bcd0810 JavaThread "Unconstrained build operations Thread 52"        [_thread_blocked, id=22596, stack(0x0000001fb8b00000,0x0000001fb8c00000) (1024K)]
  0x000001e46bcd4320 JavaThread "Unconstrained build operations Thread 53"        [_thread_blocked, id=24376, stack(0x0000001fb8c00000,0x0000001fb8d00000) (1024K)]
  0x000001e46bcd5040 JavaThread "Unconstrained build operations Thread 54"        [_thread_blocked, id=12216, stack(0x0000001fb8d00000,0x0000001fb8e00000) (1024K)]
  0x000001e46bcd1bc0 JavaThread "Unconstrained build operations Thread 55"        [_thread_blocked, id=21108, stack(0x0000001fb8e00000,0x0000001fb8f00000) (1024K)]
  0x000001e46bf2ce50 JavaThread "WorkerExecutor Queue Thread 2"        [_thread_blocked, id=9520, stack(0x0000001fb6800000,0x0000001fb6900000) (1024K)]
  0x000001e46bf2d4e0 JavaThread "WorkerExecutor Queue Thread 3"        [_thread_blocked, id=7848, stack(0x0000001fb8f00000,0x0000001fb9000000) (1024K)]
  0x000001e46bf2c130 JavaThread "WorkerExecutor Queue Thread 4"        [_thread_blocked, id=23308, stack(0x0000001fb9000000,0x0000001fb9100000) (1024K)]
  0x000001e46bf2fc40 JavaThread "WorkerExecutor Queue Thread 5"        [_thread_blocked, id=23660, stack(0x0000001fb9100000,0x0000001fb9200000) (1024K)]
  0x000001e46bf302d0 JavaThread "WorkerExecutor Queue Thread 6"        [_thread_blocked, id=12904, stack(0x0000001fb9200000,0x0000001fb9300000) (1024K)]
  0x000001e46bf31680 JavaThread "WorkerExecutor Queue Thread 7"        [_thread_blocked, id=22476, stack(0x0000001fb9300000,0x0000001fb9400000) (1024K)]
  0x000001e46bf30ff0 JavaThread "WorkerExecutor Queue Thread 8"        [_thread_blocked, id=1232, stack(0x0000001fb9400000,0x0000001fb9500000) (1024K)]
  0x000001e46bf323a0 JavaThread "WorkerExecutor Queue Thread 9"        [_thread_blocked, id=3244, stack(0x0000001fb9500000,0x0000001fb9600000) (1024K)]
  0x000001e46bf31d10 JavaThread "WorkerExecutor Queue Thread 10"        [_thread_blocked, id=7264, stack(0x0000001fb9600000,0x0000001fb9700000) (1024K)]
  0x000001e46bf32a30 JavaThread "WorkerExecutor Queue Thread 12"        [_thread_blocked, id=24764, stack(0x0000001fb9800000,0x0000001fb9900000) (1024K)]
  0x000001e46e2cfbc0 JavaThread "Unconstrained build operations Thread 56"        [_thread_blocked, id=5472, stack(0x0000001fb9900000,0x0000001fb9a00000) (1024K)]
  0x000001e46e2ce180 JavaThread "Unconstrained build operations Thread 57"        [_thread_blocked, id=2896, stack(0x0000001fb9a00000,0x0000001fb9b00000) (1024K)]
  0x000001e4765f64a0 JavaThread "Unconstrained build operations Thread 58"        [_thread_blocked, id=22480, stack(0x0000001fb9b00000,0x0000001fb9c00000) (1024K)]
  0x000001e4765f6b30 JavaThread "Unconstrained build operations Thread 59"        [_thread_blocked, id=23800, stack(0x0000001fb9c00000,0x0000001fb9d00000) (1024K)]
  0x000001e4765f50f0 JavaThread "Unconstrained build operations Thread 60"        [_thread_blocked, id=22824, stack(0x0000001fb9d00000,0x0000001fb9e00000) (1024K)]
  0x000001e4765f8c00 JavaThread "Unconstrained build operations Thread 61"        [_thread_blocked, id=14500, stack(0x0000001fb9e00000,0x0000001fb9f00000) (1024K)]
  0x000001e4765f5780 JavaThread "Unconstrained build operations Thread 62"        [_thread_blocked, id=10556, stack(0x0000001fb9f00000,0x0000001fba000000) (1024K)]
  0x000001e4765f9290 JavaThread "Unconstrained build operations Thread 63"        [_thread_blocked, id=12156, stack(0x0000001fba000000,0x0000001fba100000) (1024K)]
  0x000001e4765f7850 JavaThread "Unconstrained build operations Thread 64"        [_thread_blocked, id=9924, stack(0x0000001fba100000,0x0000001fba200000) (1024K)]
  0x000001e4765f8570 JavaThread "Unconstrained build operations Thread 65"        [_thread_blocked, id=24720, stack(0x0000001fba200000,0x0000001fba300000) (1024K)]
  0x000001e4765f5e10 JavaThread "Unconstrained build operations Thread 66"        [_thread_blocked, id=16724, stack(0x0000001fba300000,0x0000001fba400000) (1024K)]
  0x000001e4765f9920 JavaThread "Unconstrained build operations Thread 67"        [_thread_blocked, id=17920, stack(0x0000001fba400000,0x0000001fba500000) (1024K)]
  0x000001e4765fa640 JavaThread "Unconstrained build operations Thread 68"        [_thread_blocked, id=11336, stack(0x0000001fba500000,0x0000001fba600000) (1024K)]
  0x000001e4765f71c0 JavaThread "Unconstrained build operations Thread 69"        [_thread_blocked, id=10344, stack(0x0000001fba600000,0x0000001fba700000) (1024K)]
  0x000001e4765fb9f0 JavaThread "Unconstrained build operations Thread 70"        [_thread_blocked, id=12556, stack(0x0000001fba700000,0x0000001fba800000) (1024K)]
  0x000001e4765fd430 JavaThread "Unconstrained build operations Thread 71"        [_thread_blocked, id=23712, stack(0x0000001fba800000,0x0000001fba900000) (1024K)]
  0x000001e4765fcda0 JavaThread "Unconstrained build operations Thread 72"        [_thread_blocked, id=20608, stack(0x0000001fba900000,0x0000001fbaa00000) (1024K)]
  0x000001e4765fe150 JavaThread "Unconstrained build operations Thread 73"        [_thread_blocked, id=21924, stack(0x0000001fbaa00000,0x0000001fbab00000) (1024K)]
  0x000001e4765facd0 JavaThread "Unconstrained build operations Thread 74"        [_thread_blocked, id=8832, stack(0x0000001fbab00000,0x0000001fbac00000) (1024K)]
  0x000001e4765fc080 JavaThread "Unconstrained build operations Thread 75"        [_thread_blocked, id=11500, stack(0x0000001fbac00000,0x0000001fbad00000) (1024K)]
  0x000001e4765fdac0 JavaThread "Unconstrained build operations Thread 76"        [_thread_blocked, id=8348, stack(0x0000001fbad00000,0x0000001fbae00000) (1024K)]
  0x000001e4765fc710 JavaThread "Unconstrained build operations Thread 77"        [_thread_blocked, id=19448, stack(0x0000001fbae00000,0x0000001fbaf00000) (1024K)]
  0x000001e4765fe7e0 JavaThread "Unconstrained build operations Thread 78"        [_thread_blocked, id=9712, stack(0x0000001fbaf00000,0x0000001fbb000000) (1024K)]
  0x000001e4765fee70 JavaThread "Unconstrained build operations Thread 79"        [_thread_blocked, id=23024, stack(0x0000001fbb000000,0x0000001fbb100000) (1024K)]
  0x000001e476600f40 JavaThread "Unconstrained build operations Thread 80"        [_thread_blocked, id=24432, stack(0x0000001fbb100000,0x0000001fbb200000) (1024K)]
  0x000001e4766015d0 JavaThread "Unconstrained build operations Thread 81"        [_thread_blocked, id=8164, stack(0x0000001fbb200000,0x0000001fbb300000) (1024K)]
  0x000001e4766008b0 JavaThread "Unconstrained build operations Thread 82"        [_thread_blocked, id=10244, stack(0x0000001fbb300000,0x0000001fbb400000) (1024K)]
  0x000001e4766022f0 JavaThread "Unconstrained build operations Thread 83"        [_thread_blocked, id=22632, stack(0x0000001fbb400000,0x0000001fbb500000) (1024K)]
  0x000001e476602980 JavaThread "Unconstrained build operations Thread 84"        [_thread_blocked, id=24248, stack(0x0000001fbb500000,0x0000001fbb600000) (1024K)]
  0x000001e4765ff500 JavaThread "Unconstrained build operations Thread 85"        [_thread_blocked, id=18976, stack(0x0000001fbb600000,0x0000001fbb700000) (1024K)]
  0x000001e476603010 JavaThread "Unconstrained build operations Thread 86"        [_thread_blocked, id=17128, stack(0x0000001fbb700000,0x0000001fbb800000) (1024K)]
  0x000001e4765ffb90 JavaThread "Unconstrained build operations Thread 87"        [_thread_blocked, id=11680, stack(0x0000001fbb800000,0x0000001fbb900000) (1024K)]
  0x000001e4766036a0 JavaThread "Unconstrained build operations Thread 88"        [_thread_blocked, id=25252, stack(0x0000001fbb900000,0x0000001fbba00000) (1024K)]
  0x000001e476600220 JavaThread "Unconstrained build operations Thread 89"        [_thread_blocked, id=14408, stack(0x0000001fbba00000,0x0000001fbbb00000) (1024K)]
  0x000001e476603d30 JavaThread "Unconstrained build operations Thread 90"        [_thread_blocked, id=23272, stack(0x0000001fbbb00000,0x0000001fbbc00000) (1024K)]
  0x000001e4766043c0 JavaThread "Unconstrained build operations Thread 91"        [_thread_blocked, id=23040, stack(0x0000001fbbc00000,0x0000001fbbd00000) (1024K)]
  0x000001e46e2ca670 JavaThread "Unconstrained build operations Thread 92"        [_thread_blocked, id=24200, stack(0x0000001fbbd00000,0x0000001fbbe00000) (1024K)]
  0x000001e46e2cba20 JavaThread "Unconstrained build operations Thread 93"        [_thread_blocked, id=14284, stack(0x0000001fbbe00000,0x0000001fbbf00000) (1024K)]
  0x000001e46e2cb390 JavaThread "Unconstrained build operations Thread 94"        [_thread_blocked, id=16312, stack(0x0000001fbbf00000,0x0000001fbc000000) (1024K)]
  0x000001e46e2cad00 JavaThread "Unconstrained build operations Thread 95"        [_thread_blocked, id=21532, stack(0x0000001fbc000000,0x0000001fbc100000) (1024K)]
  0x000001e46e2cc0b0 JavaThread "Unconstrained build operations Thread 96"        [_thread_blocked, id=24280, stack(0x0000001fbc100000,0x0000001fbc200000) (1024K)]
  0x000001e46e2cc740 JavaThread "Unconstrained build operations Thread 97"        [_thread_blocked, id=20120, stack(0x0000001fbc200000,0x0000001fbc300000) (1024K)]
  0x000001e46e2ccdd0 JavaThread "Unconstrained build operations Thread 98"        [_thread_blocked, id=23620, stack(0x0000001fbc300000,0x0000001fbc400000) (1024K)]
  0x000001e46e2c9fe0 JavaThread "Unconstrained build operations Thread 99"        [_thread_blocked, id=8988, stack(0x0000001fbc400000,0x0000001fbc500000) (1024K)]
  0x000001e46e2d0250 JavaThread "Unconstrained build operations Thread 100"        [_thread_blocked, id=20432, stack(0x0000001fbc500000,0x0000001fbc600000) (1024K)]
  0x000001e46e2ce810 JavaThread "Unconstrained build operations Thread 101"        [_thread_blocked, id=9908, stack(0x0000001fbc600000,0x0000001fbc700000) (1024K)]
  0x000001e46e2d08e0 JavaThread "Unconstrained build operations Thread 102"        [_thread_blocked, id=23764, stack(0x0000001fbc700000,0x0000001fbc800000) (1024K)]
  0x000001e46e2d0f70 JavaThread "Unconstrained build operations Thread 103"        [_thread_blocked, id=10032, stack(0x0000001fbc800000,0x0000001fbc900000) (1024K)]
  0x000001e46e2ceea0 JavaThread "Unconstrained build operations Thread 104"        [_thread_blocked, id=8728, stack(0x0000001fbc900000,0x0000001fbca00000) (1024K)]
  0x000001e46e2cdaf0 JavaThread "Unconstrained build operations Thread 105"        [_thread_blocked, id=8912, stack(0x0000001fbca00000,0x0000001fbcb00000) (1024K)]
  0x000001e46e2d1600 JavaThread "Unconstrained build operations Thread 106"        [_thread_blocked, id=12508, stack(0x0000001fbcb00000,0x0000001fbcc00000) (1024K)]
  0x000001e46e2cf530 JavaThread "Unconstrained build operations Thread 107"        [_thread_blocked, id=12324, stack(0x0000001fbcc00000,0x0000001fbcd00000) (1024K)]
  0x000001e470cf0c10 JavaThread "Unconstrained build operations Thread 108"        [_thread_blocked, id=24276, stack(0x0000001fbcd00000,0x0000001fbce00000) (1024K)]
  0x000001e470cee4b0 JavaThread "Unconstrained build operations Thread 109"        [_thread_blocked, id=5920, stack(0x0000001fbce00000,0x0000001fbcf00000) (1024K)]
  0x000001e470ceeb40 JavaThread "Unconstrained build operations Thread 110"        [_thread_blocked, id=3144, stack(0x0000001fbcf00000,0x0000001fbd000000) (1024K)]
  0x000001e470cf2650 JavaThread "Unconstrained build operations Thread 111"        [_thread_blocked, id=25284, stack(0x0000001fbd000000,0x0000001fbd100000) (1024K)]
  0x000001e46bf30960 JavaThread "Unconstrained build operations Thread 112"        [_thread_blocked, id=9424, stack(0x0000001fbd100000,0x0000001fbd200000) (1024K)]
  0x000001e46bf2e890 JavaThread "Unconstrained build operations Thread 113"        [_thread_blocked, id=7256, stack(0x0000001fbd200000,0x0000001fbd300000) (1024K)]
  0x000001e46bf2ef20 JavaThread "Unconstrained build operations Thread 114"        [_thread_blocked, id=18904, stack(0x0000001fbd300000,0x0000001fbd400000) (1024K)]
  0x000001e46bf2f5b0 JavaThread "Unconstrained build operations Thread 115"        [_thread_blocked, id=21964, stack(0x0000001fbd400000,0x0000001fbd500000) (1024K)]
  0x000001e46bf33750 JavaThread "Unconstrained build operations Thread 116"        [_thread_blocked, id=22952, stack(0x0000001fbd500000,0x0000001fbd600000) (1024K)]
  0x000001e470cef860 JavaThread "Unconstrained build operations Thread 117"        [_thread_blocked, id=9200, stack(0x0000001fbd600000,0x0000001fbd700000) (1024K)]
  0x000001e470cefef0 JavaThread "Unconstrained build operations Thread 118"        [_thread_blocked, id=8452, stack(0x0000001fbd700000,0x0000001fbd800000) (1024K)]
  0x000001e470cf3a00 JavaThread "Unconstrained build operations Thread 119"        [_thread_blocked, id=12744, stack(0x0000001fbd800000,0x0000001fbd900000) (1024K)]
  0x000001e470cf4090 JavaThread "Unconstrained build operations Thread 120"        [_thread_blocked, id=5220, stack(0x0000001fbd900000,0x0000001fbda00000) (1024K)]
  0x000001e470cf4720 JavaThread "pool-4-thread-1"                   [_thread_blocked, id=23128, stack(0x0000001fbda00000,0x0000001fbdb00000) (1024K)]
  0x000001e470cf4db0 JavaThread "stderr"                            [_thread_in_native, id=16760, stack(0x0000001fbdb00000,0x0000001fbdc00000) (1024K)]
  0x000001e470cf5440 JavaThread "stdout"                            [_thread_in_native, id=4084, stack(0x0000001fbdc00000,0x0000001fbdd00000) (1024K)]
  0x000001e46bcd49b0 JavaThread "stderr"                            [_thread_in_native, id=23320, stack(0x0000001fbdd00000,0x0000001fbde00000) (1024K)]
  0x000001e46bcd63f0 JavaThread "stdout"                            [_thread_in_native, id=24784, stack(0x0000001fbde00000,0x0000001fbdf00000) (1024K)]
  0x000001e46bcd56d0 JavaThread "stderr"                            [_thread_in_native, id=10044, stack(0x0000001fbdf00000,0x0000001fbe000000) (1024K)]
  0x000001e46d73fb80 JavaThread "stdout"                            [_thread_in_native, id=23508, stack(0x0000001fbe000000,0x0000001fbe100000) (1024K)]
  0x000001e46e2cd460 JavaThread "stderr"                            [_thread_in_native, id=23900, stack(0x0000001fbe100000,0x0000001fbe200000) (1024K)]
  0x000001e4761bddf0 JavaThread "stdout"                            [_thread_in_native, id=25468, stack(0x0000001fbe200000,0x0000001fbe300000) (1024K)]
  0x000001e4761be480 JavaThread "WorkerExecutor Queue Thread 13"        [_thread_blocked, id=22756, stack(0x0000001fbe300000,0x0000001fbe400000) (1024K)]
  0x000001e46bf0f030 JavaThread "ForkJoinPool-1-worker-1"    daemon [_thread_blocked, id=10284, stack(0x0000001fbe400000,0x0000001fbe500000) (1024K)]
  0x000001e46bf0f6c0 JavaThread "ForkJoinPool-1-worker-2"    daemon [_thread_blocked, id=12484, stack(0x0000001fbe500000,0x0000001fbe600000) (1024K)]
  0x000001e46bf0e310 JavaThread "ForkJoinPool-1-worker-4"    daemon [_thread_blocked, id=13124, stack(0x0000001fbe600000,0x0000001fbe700000) (1024K)]
  0x000001e46bf0c8d0 JavaThread "ForkJoinPool-1-worker-3"    daemon [_thread_blocked, id=14312, stack(0x0000001fbe700000,0x0000001fbe800000) (1024K)]
  0x000001e46bf0dc80 JavaThread "ForkJoinPool-1-worker-5"    daemon [_thread_blocked, id=25584, stack(0x0000001fbe800000,0x0000001fbe900000) (1024K)]
  0x000001e46bf0cf60 JavaThread "ForkJoinPool-1-worker-6"    daemon [_thread_blocked, id=20312, stack(0x0000001fbe900000,0x0000001fbea00000) (1024K)]
  0x000001e46bf0e9a0 JavaThread "ForkJoinPool-1-worker-7"    daemon [_thread_blocked, id=8008, stack(0x0000001fbea00000,0x0000001fbeb00000) (1024K)]
  0x000001e46bf0fd50 JavaThread "ForkJoinPool-1-worker-8"    daemon [_thread_blocked, id=4536, stack(0x0000001fbeb00000,0x0000001fbec00000) (1024K)]
  0x000001e46bf103e0 JavaThread "ForkJoinPool-1-worker-9"    daemon [_thread_blocked, id=22880, stack(0x0000001fbec00000,0x0000001fbed00000) (1024K)]
  0x000001e46bf13860 JavaThread "ForkJoinPool-1-worker-10"   daemon [_thread_blocked, id=25092, stack(0x0000001fbed00000,0x0000001fbee00000) (1024K)]
  0x000001e46bf10a70 JavaThread "ForkJoinPool-1-worker-11"   daemon [_thread_blocked, id=18340, stack(0x0000001fbee00000,0x0000001fbef00000) (1024K)]
  0x000001e46bf11e20 JavaThread "ForkJoinPool-1-worker-12"   daemon [_thread_blocked, id=3648, stack(0x0000001fbef00000,0x0000001fbf000000) (1024K)]
  0x000001e47760d4e0 JavaThread "ForkJoinPool-2-worker-1"    daemon [_thread_blocked, id=18296, stack(0x0000001fbf200000,0x0000001fbf300000) (1024K)]
  0x000001e47760a6f0 JavaThread "ForkJoinPool-2-worker-2"    daemon [_thread_blocked, id=22328, stack(0x0000001fbf300000,0x0000001fbf400000) (1024K)]
  0x000001e47760a060 JavaThread "ForkJoinPool-2-worker-3"    daemon [_thread_blocked, id=22912, stack(0x0000001fbf400000,0x0000001fbf500000) (1024K)]
  0x000001e47760db70 JavaThread "ForkJoinPool-2-worker-4"    daemon [_thread_blocked, id=11492, stack(0x0000001fbf500000,0x0000001fbf600000) (1024K)]
  0x000001e47760e200 JavaThread "ForkJoinPool-2-worker-5"    daemon [_thread_blocked, id=1756, stack(0x0000001fbf600000,0x0000001fbf700000) (1024K)]
  0x000001e47760ce50 JavaThread "ForkJoinPool-2-worker-6"    daemon [_thread_blocked, id=21064, stack(0x0000001fbf700000,0x0000001fbf800000) (1024K)]
  0x000001e47760ad80 JavaThread "ForkJoinPool-2-worker-7"    daemon [_thread_blocked, id=10220, stack(0x0000001fbf800000,0x0000001fbf900000) (1024K)]
  0x000001e47760c7c0 JavaThread "ForkJoinPool-2-worker-8"    daemon [_thread_blocked, id=24724, stack(0x0000001fbf900000,0x0000001fbfa00000) (1024K)]
  0x000001e47760e890 JavaThread "ForkJoinPool-2-worker-9"    daemon [_thread_blocked, id=15940, stack(0x0000001fbfa00000,0x0000001fbfb00000) (1024K)]
  0x000001e47760c130 JavaThread "ForkJoinPool-2-worker-10"   daemon [_thread_blocked, id=7104, stack(0x0000001fbfb00000,0x0000001fbfc00000) (1024K)]
  0x000001e47760ef20 JavaThread "ForkJoinPool-2-worker-11"   daemon [_thread_blocked, id=6344, stack(0x0000001fbfc00000,0x0000001fbfd00000) (1024K)]
  0x000001e47760baa0 JavaThread "ForkJoinPool-2-worker-12"   daemon [_thread_blocked, id=19368, stack(0x0000001fbfd00000,0x0000001fbfe00000) (1024K)]
Total: 215

Other Threads:
=>0x000001e4249ce0d0 VMThread "VM Thread"                           [id=23424, stack(0x0000001fb1900000,0x0000001fb1a00000) (1024K)]
  0x000001e4249bd510 WatcherThread "VM Periodic Task Thread"        [id=8536, stack(0x0000001fb1800000,0x0000001fb1900000) (1024K)]
  0x000001e40799c280 WorkerThread "GC Thread#0"                     [id=9972, stack(0x0000001fb1300000,0x0000001fb1400000) (1024K)]
  0x000001e424ca7910 WorkerThread "GC Thread#1"                     [id=2176, stack(0x0000001fb2500000,0x0000001fb2600000) (1024K)]
  0x000001e424c70e00 WorkerThread "GC Thread#2"                     [id=9280, stack(0x0000001fb2600000,0x0000001fb2700000) (1024K)]
  0x000001e46a0472a0 WorkerThread "GC Thread#3"                     [id=640, stack(0x0000001fb2700000,0x0000001fb2800000) (1024K)]
  0x000001e46a1f7a20 WorkerThread "GC Thread#4"                     [id=17292, stack(0x0000001fb2800000,0x0000001fb2900000) (1024K)]
  0x000001e46b5a47a0 WorkerThread "GC Thread#5"                     [id=3112, stack(0x0000001fb2a00000,0x0000001fb2b00000) (1024K)]
  0x000001e46b5a5be0 WorkerThread "GC Thread#6"                     [id=22308, stack(0x0000001fb2b00000,0x0000001fb2c00000) (1024K)]
  0x000001e46b5a5f80 WorkerThread "GC Thread#7"                     [id=20380, stack(0x0000001fb2c00000,0x0000001fb2d00000) (1024K)]
  0x000001e46b5aeb40 WorkerThread "GC Thread#8"                     [id=8208, stack(0x0000001fb2d00000,0x0000001fb2e00000) (1024K)]
  0x000001e46b5b0020 WorkerThread "GC Thread#9"                     [id=8060, stack(0x0000001fb2e00000,0x0000001fb2f00000) (1024K)]
  0x000001e4079ae790 ConcurrentGCThread "G1 Main Marker"            [id=22236, stack(0x0000001fb1400000,0x0000001fb1500000) (1024K)]
  0x000001e4079af1a0 WorkerThread "G1 Conc#0"                       [id=13276, stack(0x0000001fb1500000,0x0000001fb1600000) (1024K)]
  0x000001e46b5b03c0 WorkerThread "G1 Conc#1"                       [id=13476, stack(0x0000001fb3b00000,0x0000001fb3c00000) (1024K)]
  0x000001e46b5b0760 WorkerThread "G1 Conc#2"                       [id=23356, stack(0x0000001fb3c00000,0x0000001fb3d00000) (1024K)]
  0x000001e42488eaf0 ConcurrentGCThread "G1 Refine#0"               [id=16320, stack(0x0000001fb1600000,0x0000001fb1700000) (1024K)]
  0x000001e42488f470 ConcurrentGCThread "G1 Service"                [id=16516, stack(0x0000001fb1700000,0x0000001fb1800000) (1024K)]
Total: 18

Threads with active compile tasks:
C2 CompilerThread0  39298 22074       4       com.android.tools.r8.graph.E0::<init> (339 bytes)
C1 CompilerThread0  39298 22510       2       com.android.tools.r8.dex.s0::a (11 bytes)
Total: 2

VM state: at safepoint (normal execution)

VM Mutex/Monitor currently owned by a thread:  ([mutex/lock_event])
[0x00007fff4a7fe308] Threads_lock - owner thread: 0x000001e4249ce0d0
[0x00007fff4a7fe408] Heap_lock - owner thread: 0x000001e4079ae790

Heap address: 0x0000000080000000, size: 2048 MB, Compressed Oops mode: 32-bit

CDS archive(s) mapped at: [0x000001e425000000-0x000001e425c80000-0x000001e425c80000), size 13107200, SharedBaseAddress: 0x000001e425000000, ArchiveRelocationMode: 1.
Compressed class space mapped at: 0x000001e426000000-0x000001e466000000, reserved size: 1073741824
Narrow klass base: 0x000001e425000000, Narrow klass shift: 0, Narrow klass range: 0x100000000

GC Precious Log:
 CardTable entry size: 512
 Card Set container configuration: InlinePtr #cards 5 size 8 Array Of Cards #cards 12 size 40 Howl #buckets 4 coarsen threshold 1843 Howl Bitmap #cards 512 size 80 coarsen threshold 460 Card regions per heap region 1 cards per card region 2048
 CPUs: 12 total, 12 available
 Memory: 7407M
 Large Page Support: Disabled
 NUMA Support: Disabled
 Compressed Oops: Enabled (32-bit)
 Heap Region Size: 1M
 Heap Min Capacity: 8M
 Heap Initial Capacity: 116M
 Heap Max Capacity: 2G
 Pre-touch: Disabled
 Parallel Workers: 10
 Concurrent Workers: 3
 Concurrent Refinement Workers: 10
 Periodic GC: Disabled

Heap:
 garbage-first heap   total 872448K, used 662528K [0x0000000080000000, 0x0000000100000000)
  region size 1024K, 25 young (25600K), 6 survivors (6144K)
 Metaspace       used 132097K, committed 134592K, reserved 1179648K
  class space    used 17792K, committed 19072K, reserved 1048576K

Heap Regions: E=young(eden), S=young(survivor), O=old, HS=humongous(starts), HC=humongous(continues), CS=collection set, F=free, TAMS=top-at-mark-start, PB=parsable bottom
|   0|0x0000000080000000, 0x0000000080100000, 0x0000000080100000|100%|HS|  |TAMS 0x0000000080100000| PB 0x0000000080000000| Complete 
|   1|0x0000000080100000, 0x0000000080200000, 0x0000000080200000|100%|HC|  |TAMS 0x0000000080200000| PB 0x0000000080100000| Complete 
|   2|0x0000000080200000, 0x0000000080300000, 0x0000000080300000|100%|HC|  |TAMS 0x0000000080300000| PB 0x0000000080200000| Complete 
|   3|0x0000000080300000, 0x0000000080400000, 0x0000000080400000|100%|HC|  |TAMS 0x0000000080400000| PB 0x0000000080300000| Complete 
|   4|0x0000000080400000, 0x0000000080500000, 0x0000000080500000|100%| O|  |TAMS 0x0000000080500000| PB 0x0000000080500000| Untracked 
|   5|0x0000000080500000, 0x0000000080600000, 0x0000000080600000|100%| O|  |TAMS 0x0000000080600000| PB 0x0000000080600000| Untracked 
|   6|0x0000000080600000, 0x0000000080700000, 0x0000000080700000|100%| O|  |TAMS 0x0000000080700000| PB 0x0000000080700000| Untracked 
|   7|0x0000000080700000, 0x0000000080800000, 0x0000000080800000|100%|HS|  |TAMS 0x0000000080800000| PB 0x0000000080700000| Complete 
|   8|0x0000000080800000, 0x0000000080900000, 0x0000000080900000|100%| O|  |TAMS 0x0000000080900000| PB 0x0000000080900000| Untracked 
|   9|0x0000000080900000, 0x0000000080a00000, 0x0000000080a00000|100%| O|  |TAMS 0x0000000080a00000| PB 0x0000000080a00000| Untracked 
|  10|0x0000000080a00000, 0x0000000080b00000, 0x0000000080b00000|100%| O|  |TAMS 0x0000000080b00000| PB 0x0000000080b00000| Updating 
|  11|0x0000000080b00000, 0x0000000080c00000, 0x0000000080c00000|100%| O|  |TAMS 0x0000000080c00000| PB 0x0000000080c00000| Untracked 
|  12|0x0000000080c00000, 0x0000000080d00000, 0x0000000080d00000|100%| O|  |TAMS 0x0000000080d00000| PB 0x0000000080d00000| Untracked 
|  13|0x0000000080d00000, 0x0000000080e00000, 0x0000000080e00000|100%| O|  |TAMS 0x0000000080e00000| PB 0x0000000080e00000| Untracked 
|  14|0x0000000080e00000, 0x0000000080f00000, 0x0000000080f00000|100%| O|  |TAMS 0x0000000080f00000| PB 0x0000000080f00000| Untracked 
|  15|0x0000000080f00000, 0x0000000081000000, 0x0000000081000000|100%| O|  |TAMS 0x0000000081000000| PB 0x0000000081000000| Untracked 
|  16|0x0000000081000000, 0x0000000081100000, 0x0000000081100000|100%| O|  |TAMS 0x0000000081100000| PB 0x0000000081100000| Untracked 
|  17|0x0000000081100000, 0x0000000081200000, 0x0000000081200000|100%| O|  |TAMS 0x0000000081200000| PB 0x0000000081200000| Untracked 
|  18|0x0000000081200000, 0x0000000081300000, 0x0000000081300000|100%| O|  |TAMS 0x0000000081300000| PB 0x0000000081300000| Untracked 
|  19|0x0000000081300000, 0x0000000081400000, 0x0000000081400000|100%| O|  |TAMS 0x0000000081400000| PB 0x0000000081400000| Untracked 
|  20|0x0000000081400000, 0x0000000081500000, 0x0000000081500000|100%| O|  |TAMS 0x0000000081500000| PB 0x0000000081500000| Untracked 
|  21|0x0000000081500000, 0x0000000081600000, 0x0000000081600000|100%| O|  |TAMS 0x0000000081600000| PB 0x0000000081600000| Untracked 
|  22|0x0000000081600000, 0x0000000081700000, 0x0000000081700000|100%| O|  |TAMS 0x0000000081700000| PB 0x0000000081700000| Untracked 
|  23|0x0000000081700000, 0x0000000081800000, 0x0000000081800000|100%| O|  |TAMS 0x0000000081800000| PB 0x0000000081800000| Updating 
|  24|0x0000000081800000, 0x0000000081900000, 0x0000000081900000|100%| O|  |TAMS 0x0000000081900000| PB 0x0000000081900000| Untracked 
|  25|0x0000000081900000, 0x0000000081a00000, 0x0000000081a00000|100%| O|  |TAMS 0x0000000081a00000| PB 0x0000000081a00000| Updating 
|  26|0x0000000081a00000, 0x0000000081b00000, 0x0000000081b00000|100%| O|  |TAMS 0x0000000081b00000| PB 0x0000000081b00000| Untracked 
|  27|0x0000000081b00000, 0x0000000081c00000, 0x0000000081c00000|100%| O|  |TAMS 0x0000000081c00000| PB 0x0000000081c00000| Untracked 
|  28|0x0000000081c00000, 0x0000000081d00000, 0x0000000081d00000|100%| O|  |TAMS 0x0000000081d00000| PB 0x0000000081d00000| Updating 
|  29|0x0000000081d00000, 0x0000000081e00000, 0x0000000081e00000|100%| O|  |TAMS 0x0000000081e00000| PB 0x0000000081e00000| Updating 
|  30|0x0000000081e00000, 0x0000000081f00000, 0x0000000081f00000|100%| O|  |TAMS 0x0000000081f00000| PB 0x0000000081f00000| Untracked 
|  31|0x0000000081f00000, 0x0000000082000000, 0x0000000082000000|100%| O|  |TAMS 0x0000000082000000| PB 0x0000000082000000| Updating 
|  32|0x0000000082000000, 0x0000000082100000, 0x0000000082100000|100%| O|  |TAMS 0x0000000082100000| PB 0x0000000082100000| Untracked 
|  33|0x0000000082100000, 0x0000000082200000, 0x0000000082200000|100%| O|  |TAMS 0x0000000082200000| PB 0x0000000082200000| Updating 
|  34|0x0000000082200000, 0x0000000082300000, 0x0000000082300000|100%| O|  |TAMS 0x0000000082300000| PB 0x0000000082300000| Untracked 
|  35|0x0000000082300000, 0x0000000082400000, 0x0000000082400000|100%| O|  |TAMS 0x0000000082400000| PB 0x0000000082400000| Untracked 
|  36|0x0000000082400000, 0x0000000082500000, 0x0000000082500000|100%| O|  |TAMS 0x0000000082500000| PB 0x0000000082500000| Untracked 
|  37|0x0000000082500000, 0x0000000082600000, 0x0000000082600000|100%| O|  |TAMS 0x0000000082600000| PB 0x0000000082600000| Untracked 
|  38|0x0000000082600000, 0x0000000082700000, 0x0000000082700000|100%| O|  |TAMS 0x0000000082700000| PB 0x0000000082700000| Untracked 
|  39|0x0000000082700000, 0x0000000082800000, 0x0000000082800000|100%| O|  |TAMS 0x0000000082800000| PB 0x0000000082800000| Untracked 
|  40|0x0000000082800000, 0x0000000082900000, 0x0000000082900000|100%| O|  |TAMS 0x0000000082900000| PB 0x0000000082900000| Untracked 
|  41|0x0000000082900000, 0x0000000082a00000, 0x0000000082a00000|100%| O|  |TAMS 0x0000000082a00000| PB 0x0000000082a00000| Updating 
|  42|0x0000000082a00000, 0x0000000082b00000, 0x0000000082b00000|100%| O|  |TAMS 0x0000000082b00000| PB 0x0000000082b00000| Untracked 
|  43|0x0000000082b00000, 0x0000000082c00000, 0x0000000082c00000|100%| O|  |TAMS 0x0000000082c00000| PB 0x0000000082c00000| Untracked 
|  44|0x0000000082c00000, 0x0000000082d00000, 0x0000000082d00000|100%| O|  |TAMS 0x0000000082d00000| PB 0x0000000082d00000| Updating 
|  45|0x0000000082d00000, 0x0000000082e00000, 0x0000000082e00000|100%| O|  |TAMS 0x0000000082e00000| PB 0x0000000082e00000| Updating 
|  46|0x0000000082e00000, 0x0000000082f00000, 0x0000000082f00000|100%| O|  |TAMS 0x0000000082f00000| PB 0x0000000082f00000| Untracked 
|  47|0x0000000082f00000, 0x0000000083000000, 0x0000000083000000|100%| O|  |TAMS 0x0000000083000000| PB 0x0000000083000000| Updating 
|  48|0x0000000083000000, 0x0000000083100000, 0x0000000083100000|100%| O|  |TAMS 0x0000000083100000| PB 0x0000000083100000| Untracked 
|  49|0x0000000083100000, 0x0000000083200000, 0x0000000083200000|100%| O|  |TAMS 0x0000000083200000| PB 0x0000000083200000| Updating 
|  50|0x0000000083200000, 0x0000000083300000, 0x0000000083300000|100%| O|  |TAMS 0x0000000083300000| PB 0x0000000083300000| Untracked 
|  51|0x0000000083300000, 0x0000000083400000, 0x0000000083400000|100%|HS|  |TAMS 0x0000000083400000| PB 0x0000000083300000| Complete 
|  52|0x0000000083400000, 0x0000000083500000, 0x0000000083500000|100%|HS|  |TAMS 0x0000000083500000| PB 0x0000000083400000| Complete 
|  53|0x0000000083500000, 0x0000000083600000, 0x0000000083600000|100%|HS|  |TAMS 0x0000000083600000| PB 0x0000000083500000| Complete 
|  54|0x0000000083600000, 0x0000000083700000, 0x0000000083700000|100%|HC|  |TAMS 0x0000000083700000| PB 0x0000000083600000| Complete 
|  55|0x0000000083700000, 0x0000000083800000, 0x0000000083800000|100%|HS|  |TAMS 0x0000000083800000| PB 0x0000000083700000| Complete 
|  56|0x0000000083800000, 0x0000000083900000, 0x0000000083900000|100%|HC|  |TAMS 0x0000000083900000| PB 0x0000000083800000| Complete 
|  57|0x0000000083900000, 0x0000000083a00000, 0x0000000083a00000|100%|HS|  |TAMS 0x0000000083a00000| PB 0x0000000083900000| Complete 
|  58|0x0000000083a00000, 0x0000000083b00000, 0x0000000083b00000|100%|HS|  |TAMS 0x0000000083b00000| PB 0x0000000083a00000| Complete 
|  59|0x0000000083b00000, 0x0000000083c00000, 0x0000000083c00000|100%|HC|  |TAMS 0x0000000083c00000| PB 0x0000000083b00000| Complete 
|  60|0x0000000083c00000, 0x0000000083d00000, 0x0000000083d00000|100%|HC|  |TAMS 0x0000000083d00000| PB 0x0000000083c00000| Complete 
|  61|0x0000000083d00000, 0x0000000083e00000, 0x0000000083e00000|100%|HS|  |TAMS 0x0000000083e00000| PB 0x0000000083d00000| Complete 
|  62|0x0000000083e00000, 0x0000000083f00000, 0x0000000083f00000|100%| O|  |TAMS 0x0000000083f00000| PB 0x0000000083f00000| Untracked 
|  63|0x0000000083f00000, 0x0000000084000000, 0x0000000084000000|100%|HS|  |TAMS 0x0000000084000000| PB 0x0000000083f00000| Complete 
|  64|0x0000000084000000, 0x0000000084100000, 0x0000000084100000|100%|HS|  |TAMS 0x0000000084100000| PB 0x0000000084000000| Complete 
|  65|0x0000000084100000, 0x0000000084200000, 0x0000000084200000|100%| O|  |TAMS 0x0000000084200000| PB 0x0000000084200000| Updating 
|  66|0x0000000084200000, 0x0000000084300000, 0x0000000084300000|100%| O|  |TAMS 0x0000000084300000| PB 0x0000000084300000| Untracked 
|  67|0x0000000084300000, 0x0000000084400000, 0x0000000084400000|100%| O|  |TAMS 0x0000000084400000| PB 0x0000000084400000| Updating 
|  68|0x0000000084400000, 0x0000000084500000, 0x0000000084500000|100%| O|  |TAMS 0x0000000084500000| PB 0x0000000084500000| Untracked 
|  69|0x0000000084500000, 0x0000000084600000, 0x0000000084600000|100%| O|  |TAMS 0x0000000084600000| PB 0x0000000084600000| Untracked 
|  70|0x0000000084600000, 0x0000000084700000, 0x0000000084700000|100%| O|  |TAMS 0x0000000084700000| PB 0x0000000084700000| Untracked 
|  71|0x0000000084700000, 0x0000000084800000, 0x0000000084800000|100%|HS|  |TAMS 0x0000000084800000| PB 0x0000000084700000| Complete 
|  72|0x0000000084800000, 0x0000000084900000, 0x0000000084900000|100%| O|  |TAMS 0x0000000084900000| PB 0x0000000084900000| Untracked 
|  73|0x0000000084900000, 0x0000000084a00000, 0x0000000084a00000|100%| O|  |TAMS 0x0000000084a00000| PB 0x0000000084a00000| Updating 
|  74|0x0000000084a00000, 0x0000000084b00000, 0x0000000084b00000|100%| O|  |TAMS 0x0000000084b00000| PB 0x0000000084b00000| Untracked 
|  75|0x0000000084b00000, 0x0000000084c00000, 0x0000000084c00000|100%| O|  |TAMS 0x0000000084c00000| PB 0x0000000084c00000| Untracked 
|  76|0x0000000084c00000, 0x0000000084d00000, 0x0000000084d00000|100%| O|  |TAMS 0x0000000084d00000| PB 0x0000000084d00000| Updating 
|  77|0x0000000084d00000, 0x0000000084e00000, 0x0000000084e00000|100%|HS|  |TAMS 0x0000000084e00000| PB 0x0000000084d00000| Complete 
|  78|0x0000000084e00000, 0x0000000084f00000, 0x0000000084f00000|100%|HC|  |TAMS 0x0000000084f00000| PB 0x0000000084e00000| Complete 
|  79|0x0000000084f00000, 0x0000000085000000, 0x0000000085000000|100%|HC|  |TAMS 0x0000000085000000| PB 0x0000000084f00000| Complete 
|  80|0x0000000085000000, 0x0000000085100000, 0x0000000085100000|100%| O|  |TAMS 0x0000000085100000| PB 0x0000000085100000| Updating 
|  81|0x0000000085100000, 0x0000000085200000, 0x0000000085200000|100%| O|  |TAMS 0x0000000085200000| PB 0x0000000085200000| Untracked 
|  82|0x0000000085200000, 0x0000000085300000, 0x0000000085300000|100%| O|  |TAMS 0x0000000085300000| PB 0x0000000085300000| Updating 
|  83|0x0000000085300000, 0x0000000085400000, 0x0000000085400000|100%| O|  |TAMS 0x0000000085400000| PB 0x0000000085400000| Untracked 
|  84|0x0000000085400000, 0x0000000085500000, 0x0000000085500000|100%| O|  |TAMS 0x0000000085500000| PB 0x0000000085500000| Untracked 
|  85|0x0000000085500000, 0x0000000085600000, 0x0000000085600000|100%| O|  |TAMS 0x0000000085600000| PB 0x0000000085600000| Updating 
|  86|0x0000000085600000, 0x0000000085700000, 0x0000000085700000|100%| O|  |TAMS 0x0000000085700000| PB 0x0000000085700000| Untracked 
|  87|0x0000000085700000, 0x0000000085800000, 0x0000000085800000|100%| O|  |TAMS 0x0000000085800000| PB 0x0000000085800000| Updating 
|  88|0x0000000085800000, 0x0000000085900000, 0x0000000085900000|100%| O|  |TAMS 0x0000000085900000| PB 0x0000000085900000| Updating 
|  89|0x0000000085900000, 0x0000000085a00000, 0x0000000085a00000|100%| O|  |TAMS 0x0000000085a00000| PB 0x0000000085a00000| Updating 
|  90|0x0000000085a00000, 0x0000000085b00000, 0x0000000085b00000|100%| O|  |TAMS 0x0000000085b00000| PB 0x0000000085b00000| Untracked 
|  91|0x0000000085b00000, 0x0000000085c00000, 0x0000000085c00000|100%| O|  |TAMS 0x0000000085c00000| PB 0x0000000085c00000| Updating 
|  92|0x0000000085c00000, 0x0000000085d00000, 0x0000000085d00000|100%| O|  |TAMS 0x0000000085d00000| PB 0x0000000085d00000| Untracked 
|  93|0x0000000085d00000, 0x0000000085e00000, 0x0000000085e00000|100%| O|  |TAMS 0x0000000085e00000| PB 0x0000000085e00000| Untracked 
|  94|0x0000000085e00000, 0x0000000085f00000, 0x0000000085f00000|100%| O|  |TAMS 0x0000000085f00000| PB 0x0000000085f00000| Updating 
|  95|0x0000000085f00000, 0x0000000086000000, 0x0000000086000000|100%| O|  |TAMS 0x0000000086000000| PB 0x0000000086000000| Updating 
|  96|0x0000000086000000, 0x0000000086100000, 0x0000000086100000|100%| O|  |TAMS 0x0000000086100000| PB 0x0000000086100000| Updating 
|  97|0x0000000086100000, 0x0000000086200000, 0x0000000086200000|100%| O|  |TAMS 0x0000000086200000| PB 0x0000000086200000| Untracked 
|  98|0x0000000086200000, 0x0000000086300000, 0x0000000086300000|100%| O|  |TAMS 0x0000000086300000| PB 0x0000000086300000| Untracked 
|  99|0x0000000086300000, 0x0000000086400000, 0x0000000086400000|100%| O|  |TAMS 0x0000000086400000| PB 0x0000000086400000| Untracked 
| 100|0x0000000086400000, 0x0000000086500000, 0x0000000086500000|100%| O|  |TAMS 0x0000000086500000| PB 0x0000000086500000| Untracked 
| 101|0x0000000086500000, 0x0000000086600000, 0x0000000086600000|100%| O|  |TAMS 0x0000000086600000| PB 0x0000000086600000| Untracked 
| 102|0x0000000086600000, 0x0000000086700000, 0x0000000086700000|100%| O|  |TAMS 0x0000000086700000| PB 0x0000000086700000| Untracked 
| 103|0x0000000086700000, 0x0000000086800000, 0x0000000086800000|100%| O|  |TAMS 0x0000000086800000| PB 0x0000000086800000| Untracked 
| 104|0x0000000086800000, 0x0000000086900000, 0x0000000086900000|100%| O|  |TAMS 0x0000000086900000| PB 0x0000000086900000| Updating 
| 105|0x0000000086900000, 0x0000000086a00000, 0x0000000086a00000|100%| O|  |TAMS 0x0000000086a00000| PB 0x0000000086a00000| Untracked 
| 106|0x0000000086a00000, 0x0000000086b00000, 0x0000000086b00000|100%| O|  |TAMS 0x0000000086b00000| PB 0x0000000086b00000| Untracked 
| 107|0x0000000086b00000, 0x0000000086c00000, 0x0000000086c00000|100%| O|  |TAMS 0x0000000086c00000| PB 0x0000000086c00000| Untracked 
| 108|0x0000000086c00000, 0x0000000086d00000, 0x0000000086d00000|100%| O|  |TAMS 0x0000000086d00000| PB 0x0000000086d00000| Untracked 
| 109|0x0000000086d00000, 0x0000000086e00000, 0x0000000086e00000|100%| O|  |TAMS 0x0000000086e00000| PB 0x0000000086e00000| Untracked 
| 110|0x0000000086e00000, 0x0000000086f00000, 0x0000000086f00000|100%| O|  |TAMS 0x0000000086f00000| PB 0x0000000086f00000| Untracked 
| 111|0x0000000086f00000, 0x0000000087000000, 0x0000000087000000|100%| O|  |TAMS 0x0000000087000000| PB 0x0000000087000000| Untracked 
| 112|0x0000000087000000, 0x0000000087100000, 0x0000000087100000|100%| O|  |TAMS 0x0000000087100000| PB 0x0000000087100000| Updating 
| 113|0x0000000087100000, 0x0000000087200000, 0x0000000087200000|100%| O|  |TAMS 0x0000000087200000| PB 0x0000000087200000| Updating 
| 114|0x0000000087200000, 0x0000000087300000, 0x0000000087300000|100%| O|  |TAMS 0x0000000087300000| PB 0x0000000087300000| Updating 
| 115|0x0000000087300000, 0x0000000087400000, 0x0000000087400000|100%| O|  |TAMS 0x0000000087400000| PB 0x0000000087400000| Untracked 
| 116|0x0000000087400000, 0x0000000087500000, 0x0000000087500000|100%| O|  |TAMS 0x0000000087500000| PB 0x0000000087500000| Untracked 
| 117|0x0000000087500000, 0x0000000087600000, 0x0000000087600000|100%|HS|  |TAMS 0x0000000087600000| PB 0x0000000087500000| Complete 
| 118|0x0000000087600000, 0x0000000087600000, 0x0000000087700000|  0%| F|  |TAMS 0x0000000087600000| PB 0x0000000087600000| Untracked 
| 119|0x0000000087700000, 0x0000000087800000, 0x0000000087800000|100%|HS|  |TAMS 0x0000000087800000| PB 0x0000000087700000| Complete 
| 120|0x0000000087800000, 0x0000000087900000, 0x0000000087900000|100%| O|  |TAMS 0x0000000087900000| PB 0x0000000087900000| Untracked 
| 121|0x0000000087900000, 0x0000000087a00000, 0x0000000087a00000|100%| O|  |TAMS 0x0000000087a00000| PB 0x0000000087a00000| Updating 
| 122|0x0000000087a00000, 0x0000000087b00000, 0x0000000087b00000|100%| O|  |TAMS 0x0000000087b00000| PB 0x0000000087b00000| Untracked 
| 123|0x0000000087b00000, 0x0000000087c00000, 0x0000000087c00000|100%| O|  |TAMS 0x0000000087c00000| PB 0x0000000087c00000| Untracked 
| 124|0x0000000087c00000, 0x0000000087d00000, 0x0000000087d00000|100%| O|  |TAMS 0x0000000087d00000| PB 0x0000000087d00000| Untracked 
| 125|0x0000000087d00000, 0x0000000087e00000, 0x0000000087e00000|100%| O|  |TAMS 0x0000000087e00000| PB 0x0000000087e00000| Untracked 
| 126|0x0000000087e00000, 0x0000000087f00000, 0x0000000087f00000|100%| O|  |TAMS 0x0000000087f00000| PB 0x0000000087f00000| Untracked 
| 127|0x0000000087f00000, 0x0000000088000000, 0x0000000088000000|100%| O|  |TAMS 0x0000000088000000| PB 0x0000000088000000| Untracked 
| 128|0x0000000088000000, 0x0000000088100000, 0x0000000088100000|100%| O|  |TAMS 0x0000000088100000| PB 0x0000000088100000| Updating 
| 129|0x0000000088100000, 0x0000000088200000, 0x0000000088200000|100%| O|  |TAMS 0x0000000088200000| PB 0x0000000088200000| Untracked 
| 130|0x0000000088200000, 0x0000000088300000, 0x0000000088300000|100%| O|  |TAMS 0x0000000088300000| PB 0x0000000088300000| Updating 
| 131|0x0000000088300000, 0x0000000088400000, 0x0000000088400000|100%|HS|  |TAMS 0x0000000088400000| PB 0x0000000088300000| Complete 
| 132|0x0000000088400000, 0x0000000088500000, 0x0000000088500000|100%| O|  |TAMS 0x0000000088400000| PB 0x0000000088400000| Untracked 
| 133|0x0000000088500000, 0x0000000088600000, 0x0000000088600000|100%| O|  |TAMS 0x0000000088600000| PB 0x0000000088600000| Untracked 
| 134|0x0000000088600000, 0x0000000088700000, 0x0000000088700000|100%|HS|  |TAMS 0x0000000088700000| PB 0x0000000088600000| Complete 
| 135|0x0000000088700000, 0x0000000088800000, 0x0000000088800000|100%|HS|  |TAMS 0x0000000088800000| PB 0x0000000088700000| Complete 
| 136|0x0000000088800000, 0x0000000088900000, 0x0000000088900000|100%|HS|  |TAMS 0x0000000088900000| PB 0x0000000088800000| Complete 
| 137|0x0000000088900000, 0x0000000088a00000, 0x0000000088a00000|100%|HC|  |TAMS 0x0000000088a00000| PB 0x0000000088900000| Complete 
| 138|0x0000000088a00000, 0x0000000088b00000, 0x0000000088b00000|100%|HS|  |TAMS 0x0000000088b00000| PB 0x0000000088a00000| Complete 
| 139|0x0000000088b00000, 0x0000000088c00000, 0x0000000088c00000|100%|HS|  |TAMS 0x0000000088c00000| PB 0x0000000088b00000| Complete 
| 140|0x0000000088c00000, 0x0000000088d00000, 0x0000000088d00000|100%|HS|  |TAMS 0x0000000088d00000| PB 0x0000000088c00000| Complete 
| 141|0x0000000088d00000, 0x0000000088e00000, 0x0000000088e00000|100%|HC|  |TAMS 0x0000000088e00000| PB 0x0000000088d00000| Complete 
| 142|0x0000000088e00000, 0x0000000088f00000, 0x0000000088f00000|100%| O|  |TAMS 0x0000000088e00000| PB 0x0000000088e00000| Untracked 
| 143|0x0000000088f00000, 0x0000000089000000, 0x0000000089000000|100%| O|  |TAMS 0x0000000088f00000| PB 0x0000000088f00000| Untracked 
| 144|0x0000000089000000, 0x0000000089100000, 0x0000000089100000|100%|HS|  |TAMS 0x0000000089100000| PB 0x0000000089000000| Complete 
| 145|0x0000000089100000, 0x0000000089200000, 0x0000000089200000|100%| O|  |TAMS 0x0000000089200000| PB 0x0000000089200000| Updating 
| 146|0x0000000089200000, 0x0000000089200000, 0x0000000089300000|  0%| F|  |TAMS 0x0000000089200000| PB 0x0000000089200000| Untracked 
| 147|0x0000000089300000, 0x0000000089400000, 0x0000000089400000|100%|HS|  |TAMS 0x0000000089400000| PB 0x0000000089300000| Complete 
| 148|0x0000000089400000, 0x0000000089500000, 0x0000000089500000|100%|HS|  |TAMS 0x0000000089500000| PB 0x0000000089400000| Complete 
| 149|0x0000000089500000, 0x0000000089600000, 0x0000000089600000|100%| O|  |TAMS 0x0000000089600000| PB 0x0000000089600000| Updating 
| 150|0x0000000089600000, 0x0000000089700000, 0x0000000089700000|100%|HS|  |TAMS 0x0000000089700000| PB 0x0000000089600000| Complete 
| 151|0x0000000089700000, 0x0000000089800000, 0x0000000089800000|100%|HS|  |TAMS 0x0000000089800000| PB 0x0000000089700000| Complete 
| 152|0x0000000089800000, 0x0000000089900000, 0x0000000089900000|100%|HC|  |TAMS 0x0000000089900000| PB 0x0000000089800000| Complete 
| 153|0x0000000089900000, 0x0000000089a00000, 0x0000000089a00000|100%| O|  |TAMS 0x0000000089a00000| PB 0x0000000089a00000| Untracked 
| 154|0x0000000089a00000, 0x0000000089b00000, 0x0000000089b00000|100%| O|  |TAMS 0x0000000089b00000| PB 0x0000000089b00000| Untracked 
| 155|0x0000000089b00000, 0x0000000089c00000, 0x0000000089c00000|100%| O|  |TAMS 0x0000000089b00000| PB 0x0000000089b00000| Untracked 
| 156|0x0000000089c00000, 0x0000000089d00000, 0x0000000089d00000|100%|HS|  |TAMS 0x0000000089d00000| PB 0x0000000089c00000| Complete 
| 157|0x0000000089d00000, 0x0000000089e00000, 0x0000000089e00000|100%| O|  |TAMS 0x0000000089e00000| PB 0x0000000089e00000| Updating 
| 158|0x0000000089e00000, 0x0000000089f00000, 0x0000000089f00000|100%|HS|  |TAMS 0x0000000089f00000| PB 0x0000000089e00000| Complete 
| 159|0x0000000089f00000, 0x000000008a000000, 0x000000008a000000|100%| O|  |TAMS 0x000000008a000000| PB 0x000000008a000000| Updating 
| 160|0x000000008a000000, 0x000000008a100000, 0x000000008a100000|100%|HS|  |TAMS 0x000000008a100000| PB 0x000000008a000000| Complete 
| 161|0x000000008a100000, 0x000000008a200000, 0x000000008a200000|100%|HC|  |TAMS 0x000000008a200000| PB 0x000000008a100000| Complete 
| 162|0x000000008a200000, 0x000000008a300000, 0x000000008a300000|100%|HC|  |TAMS 0x000000008a300000| PB 0x000000008a200000| Complete 
| 163|0x000000008a300000, 0x000000008a400000, 0x000000008a400000|100%|HC|  |TAMS 0x000000008a400000| PB 0x000000008a300000| Complete 
| 164|0x000000008a400000, 0x000000008a500000, 0x000000008a500000|100%|HS|  |TAMS 0x000000008a500000| PB 0x000000008a400000| Complete 
| 165|0x000000008a500000, 0x000000008a600000, 0x000000008a600000|100%|HC|  |TAMS 0x000000008a600000| PB 0x000000008a500000| Complete 
| 166|0x000000008a600000, 0x000000008a700000, 0x000000008a700000|100%| O|  |TAMS 0x000000008a700000| PB 0x000000008a700000| Untracked 
| 167|0x000000008a700000, 0x000000008a800000, 0x000000008a800000|100%|HS|  |TAMS 0x000000008a800000| PB 0x000000008a700000| Complete 
| 168|0x000000008a800000, 0x000000008a900000, 0x000000008a900000|100%|HC|  |TAMS 0x000000008a900000| PB 0x000000008a800000| Complete 
| 169|0x000000008a900000, 0x000000008aa00000, 0x000000008aa00000|100%|HC|  |TAMS 0x000000008aa00000| PB 0x000000008a900000| Complete 
| 170|0x000000008aa00000, 0x000000008ab00000, 0x000000008ab00000|100%|HC|  |TAMS 0x000000008ab00000| PB 0x000000008aa00000| Complete 
| 171|0x000000008ab00000, 0x000000008ac00000, 0x000000008ac00000|100%|HS|  |TAMS 0x000000008ac00000| PB 0x000000008ab00000| Complete 
| 172|0x000000008ac00000, 0x000000008ad00000, 0x000000008ad00000|100%|HC|  |TAMS 0x000000008ad00000| PB 0x000000008ac00000| Complete 
| 173|0x000000008ad00000, 0x000000008ae00000, 0x000000008ae00000|100%|HC|  |TAMS 0x000000008ae00000| PB 0x000000008ad00000| Complete 
| 174|0x000000008ae00000, 0x000000008af00000, 0x000000008af00000|100%|HS|  |TAMS 0x000000008af00000| PB 0x000000008ae00000| Complete 
| 175|0x000000008af00000, 0x000000008b000000, 0x000000008b000000|100%|HC|  |TAMS 0x000000008b000000| PB 0x000000008af00000| Complete 
| 176|0x000000008b000000, 0x000000008b100000, 0x000000008b100000|100%| O|  |TAMS 0x000000008b100000| PB 0x000000008b100000| Updating 
| 177|0x000000008b100000, 0x000000008b200000, 0x000000008b200000|100%| O|  |TAMS 0x000000008b200000| PB 0x000000008b200000| Updating 
| 178|0x000000008b200000, 0x000000008b300000, 0x000000008b300000|100%| O|  |TAMS 0x000000008b300000| PB 0x000000008b300000| Updating 
| 179|0x000000008b300000, 0x000000008b400000, 0x000000008b400000|100%| O|  |TAMS 0x000000008b400000| PB 0x000000008b400000| Updating 
| 180|0x000000008b400000, 0x000000008b500000, 0x000000008b500000|100%| O|  |TAMS 0x000000008b500000| PB 0x000000008b500000| Updating 
| 181|0x000000008b500000, 0x000000008b600000, 0x000000008b600000|100%| O|  |TAMS 0x000000008b600000| PB 0x000000008b600000| Untracked 
| 182|0x000000008b600000, 0x000000008b700000, 0x000000008b700000|100%|HS|  |TAMS 0x000000008b700000| PB 0x000000008b600000| Complete 
| 183|0x000000008b700000, 0x000000008b800000, 0x000000008b800000|100%|HC|  |TAMS 0x000000008b800000| PB 0x000000008b700000| Complete 
| 184|0x000000008b800000, 0x000000008b900000, 0x000000008b900000|100%|HS|  |TAMS 0x000000008b900000| PB 0x000000008b800000| Complete 
| 185|0x000000008b900000, 0x000000008ba00000, 0x000000008ba00000|100%|HC|  |TAMS 0x000000008ba00000| PB 0x000000008b900000| Complete 
| 186|0x000000008ba00000, 0x000000008bb00000, 0x000000008bb00000|100%|HS|  |TAMS 0x000000008bb00000| PB 0x000000008ba00000| Complete 
| 187|0x000000008bb00000, 0x000000008bc00000, 0x000000008bc00000|100%|HC|  |TAMS 0x000000008bc00000| PB 0x000000008bb00000| Complete 
| 188|0x000000008bc00000, 0x000000008bd00000, 0x000000008bd00000|100%| O|  |TAMS 0x000000008bd00000| PB 0x000000008bd00000| Updating 
| 189|0x000000008bd00000, 0x000000008be00000, 0x000000008be00000|100%| O|  |TAMS 0x000000008be00000| PB 0x000000008be00000| Updating 
| 190|0x000000008be00000, 0x000000008bf00000, 0x000000008bf00000|100%|HS|  |TAMS 0x000000008bf00000| PB 0x000000008be00000| Complete 
| 191|0x000000008bf00000, 0x000000008c000000, 0x000000008c000000|100%|HC|  |TAMS 0x000000008c000000| PB 0x000000008bf00000| Complete 
| 192|0x000000008c000000, 0x000000008c100000, 0x000000008c100000|100%|HC|  |TAMS 0x000000008c100000| PB 0x000000008c000000| Complete 
| 193|0x000000008c100000, 0x000000008c200000, 0x000000008c200000|100%| O|  |TAMS 0x000000008c200000| PB 0x000000008c200000| Updating 
| 194|0x000000008c200000, 0x000000008c300000, 0x000000008c300000|100%| O|  |TAMS 0x000000008c300000| PB 0x000000008c300000| Updating 
| 195|0x000000008c300000, 0x000000008c400000, 0x000000008c400000|100%| O|  |TAMS 0x000000008c400000| PB 0x000000008c400000| Untracked 
| 196|0x000000008c400000, 0x000000008c500000, 0x000000008c500000|100%| O|  |TAMS 0x000000008c500000| PB 0x000000008c500000| Untracked 
| 197|0x000000008c500000, 0x000000008c600000, 0x000000008c600000|100%| O|  |TAMS 0x000000008c600000| PB 0x000000008c600000| Updating 
| 198|0x000000008c600000, 0x000000008c700000, 0x000000008c700000|100%| O|  |TAMS 0x000000008c700000| PB 0x000000008c700000| Updating 
| 199|0x000000008c700000, 0x000000008c800000, 0x000000008c800000|100%| O|  |TAMS 0x000000008c800000| PB 0x000000008c800000| Updating 
| 200|0x000000008c800000, 0x000000008c900000, 0x000000008c900000|100%| O|  |TAMS 0x000000008c900000| PB 0x000000008c900000| Updating 
| 201|0x000000008c900000, 0x000000008ca00000, 0x000000008ca00000|100%| O|  |TAMS 0x000000008ca00000| PB 0x000000008ca00000| Updating 
| 202|0x000000008ca00000, 0x000000008cb00000, 0x000000008cb00000|100%| O|  |TAMS 0x000000008cb00000| PB 0x000000008cb00000| Untracked 
| 203|0x000000008cb00000, 0x000000008cc00000, 0x000000008cc00000|100%| O|  |TAMS 0x000000008cc00000| PB 0x000000008cc00000| Updating 
| 204|0x000000008cc00000, 0x000000008cd00000, 0x000000008cd00000|100%| O|  |TAMS 0x000000008cc00000| PB 0x000000008cc00000| Untracked 
| 205|0x000000008cd00000, 0x000000008ce00000, 0x000000008ce00000|100%|HS|  |TAMS 0x000000008ce00000| PB 0x000000008cd00000| Complete 
| 206|0x000000008ce00000, 0x000000008cf00000, 0x000000008cf00000|100%|HC|  |TAMS 0x000000008cf00000| PB 0x000000008ce00000| Complete 
| 207|0x000000008cf00000, 0x000000008d000000, 0x000000008d000000|100%|HC|  |TAMS 0x000000008d000000| PB 0x000000008cf00000| Complete 
| 208|0x000000008d000000, 0x000000008d100000, 0x000000008d100000|100%| O|  |TAMS 0x000000008d100000| PB 0x000000008d100000| Updating 
| 209|0x000000008d100000, 0x000000008d200000, 0x000000008d200000|100%| O|  |TAMS 0x000000008d200000| PB 0x000000008d200000| Untracked 
| 210|0x000000008d200000, 0x000000008d300000, 0x000000008d300000|100%| O|  |TAMS 0x000000008d300000| PB 0x000000008d300000| Updating 
| 211|0x000000008d300000, 0x000000008d400000, 0x000000008d400000|100%|HS|  |TAMS 0x000000008d400000| PB 0x000000008d300000| Complete 
| 212|0x000000008d400000, 0x000000008d500000, 0x000000008d500000|100%|HC|  |TAMS 0x000000008d500000| PB 0x000000008d400000| Complete 
| 213|0x000000008d500000, 0x000000008d600000, 0x000000008d600000|100%| O|  |TAMS 0x000000008d600000| PB 0x000000008d600000| Untracked 
| 214|0x000000008d600000, 0x000000008d700000, 0x000000008d700000|100%| O|  |TAMS 0x000000008d700000| PB 0x000000008d700000| Untracked 
| 215|0x000000008d700000, 0x000000008d800000, 0x000000008d800000|100%|HS|  |TAMS 0x000000008d800000| PB 0x000000008d700000| Complete 
| 216|0x000000008d800000, 0x000000008d900000, 0x000000008d900000|100%|HC|  |TAMS 0x000000008d900000| PB 0x000000008d800000| Complete 
| 217|0x000000008d900000, 0x000000008da00000, 0x000000008da00000|100%|HS|  |TAMS 0x000000008da00000| PB 0x000000008d900000| Complete 
| 218|0x000000008da00000, 0x000000008db00000, 0x000000008db00000|100%| O|  |TAMS 0x000000008db00000| PB 0x000000008db00000| Updating 
| 219|0x000000008db00000, 0x000000008dc00000, 0x000000008dc00000|100%| O|  |TAMS 0x000000008dc00000| PB 0x000000008dc00000| Updating 
| 220|0x000000008dc00000, 0x000000008dd00000, 0x000000008dd00000|100%| O|  |TAMS 0x000000008dd00000| PB 0x000000008dd00000| Untracked 
| 221|0x000000008dd00000, 0x000000008de00000, 0x000000008de00000|100%| O|  |TAMS 0x000000008de00000| PB 0x000000008de00000| Updating 
| 222|0x000000008de00000, 0x000000008df00000, 0x000000008df00000|100%| O|  |TAMS 0x000000008df00000| PB 0x000000008df00000| Untracked 
| 223|0x000000008df00000, 0x000000008e000000, 0x000000008e000000|100%| O|  |TAMS 0x000000008e000000| PB 0x000000008e000000| Untracked 
| 224|0x000000008e000000, 0x000000008e100000, 0x000000008e100000|100%|HS|  |TAMS 0x000000008e100000| PB 0x000000008e000000| Complete 
| 225|0x000000008e100000, 0x000000008e200000, 0x000000008e200000|100%| O|  |TAMS 0x000000008e200000| PB 0x000000008e200000| Untracked 
| 226|0x000000008e200000, 0x000000008e300000, 0x000000008e300000|100%|HS|  |TAMS 0x000000008e300000| PB 0x000000008e200000| Complete 
| 227|0x000000008e300000, 0x000000008e400000, 0x000000008e400000|100%|HS|  |TAMS 0x000000008e400000| PB 0x000000008e300000| Complete 
| 228|0x000000008e400000, 0x000000008e500000, 0x000000008e500000|100%|HC|  |TAMS 0x000000008e500000| PB 0x000000008e400000| Complete 
| 229|0x000000008e500000, 0x000000008e600000, 0x000000008e600000|100%| O|  |TAMS 0x000000008e600000| PB 0x000000008e600000| Untracked 
| 230|0x000000008e600000, 0x000000008e700000, 0x000000008e700000|100%| O|  |TAMS 0x000000008e700000| PB 0x000000008e700000| Untracked 
| 231|0x000000008e700000, 0x000000008e800000, 0x000000008e800000|100%| O|  |TAMS 0x000000008e800000| PB 0x000000008e800000| Updating 
| 232|0x000000008e800000, 0x000000008e900000, 0x000000008e900000|100%| O|  |TAMS 0x000000008e900000| PB 0x000000008e900000| Updating 
| 233|0x000000008e900000, 0x000000008ea00000, 0x000000008ea00000|100%|HS|  |TAMS 0x000000008ea00000| PB 0x000000008e900000| Complete 
| 234|0x000000008ea00000, 0x000000008eb00000, 0x000000008eb00000|100%|HC|  |TAMS 0x000000008eb00000| PB 0x000000008ea00000| Complete 
| 235|0x000000008eb00000, 0x000000008ec00000, 0x000000008ec00000|100%|HC|  |TAMS 0x000000008ec00000| PB 0x000000008eb00000| Complete 
| 236|0x000000008ec00000, 0x000000008ed00000, 0x000000008ed00000|100%| O|  |TAMS 0x000000008ed00000| PB 0x000000008ed00000| Untracked 
| 237|0x000000008ed00000, 0x000000008ee00000, 0x000000008ee00000|100%| O|  |TAMS 0x000000008ee00000| PB 0x000000008ee00000| Untracked 
| 238|0x000000008ee00000, 0x000000008ef00000, 0x000000008ef00000|100%| O|  |TAMS 0x000000008ef00000| PB 0x000000008ef00000| Updating 
| 239|0x000000008ef00000, 0x000000008f000000, 0x000000008f000000|100%|HS|  |TAMS 0x000000008f000000| PB 0x000000008ef00000| Complete 
| 240|0x000000008f000000, 0x000000008f100000, 0x000000008f100000|100%|HC|  |TAMS 0x000000008f100000| PB 0x000000008f000000| Complete 
| 241|0x000000008f100000, 0x000000008f200000, 0x000000008f200000|100%| O|  |TAMS 0x000000008f200000| PB 0x000000008f200000| Untracked 
| 242|0x000000008f200000, 0x000000008f300000, 0x000000008f300000|100%| O|  |TAMS 0x000000008f300000| PB 0x000000008f300000| Untracked 
| 243|0x000000008f300000, 0x000000008f400000, 0x000000008f400000|100%| O|  |TAMS 0x000000008f400000| PB 0x000000008f400000| Untracked 
| 244|0x000000008f400000, 0x000000008f500000, 0x000000008f500000|100%| O|  |TAMS 0x000000008f500000| PB 0x000000008f500000| Untracked 
| 245|0x000000008f500000, 0x000000008f600000, 0x000000008f600000|100%| O|  |TAMS 0x000000008f600000| PB 0x000000008f600000| Untracked 
| 246|0x000000008f600000, 0x000000008f700000, 0x000000008f700000|100%| O|  |TAMS 0x000000008f700000| PB 0x000000008f700000| Updating 
| 247|0x000000008f700000, 0x000000008f800000, 0x000000008f800000|100%| O|  |TAMS 0x000000008f800000| PB 0x000000008f800000| Updating 
| 248|0x000000008f800000, 0x000000008f900000, 0x000000008f900000|100%| O|  |TAMS 0x000000008f900000| PB 0x000000008f900000| Untracked 
| 249|0x000000008f900000, 0x000000008fa00000, 0x000000008fa00000|100%| O|  |TAMS 0x000000008fa00000| PB 0x000000008fa00000| Untracked 
| 250|0x000000008fa00000, 0x000000008fb00000, 0x000000008fb00000|100%| O|  |TAMS 0x000000008fb00000| PB 0x000000008fb00000| Untracked 
| 251|0x000000008fb00000, 0x000000008fc00000, 0x000000008fc00000|100%| O|  |TAMS 0x000000008fc00000| PB 0x000000008fc00000| Updating 
| 252|0x000000008fc00000, 0x000000008fd00000, 0x000000008fd00000|100%| O|  |TAMS 0x000000008fd00000| PB 0x000000008fd00000| Untracked 
| 253|0x000000008fd00000, 0x000000008fe00000, 0x000000008fe00000|100%| O|  |TAMS 0x000000008fe00000| PB 0x000000008fe00000| Untracked 
| 254|0x000000008fe00000, 0x000000008ff00000, 0x000000008ff00000|100%| O|  |TAMS 0x000000008ff00000| PB 0x000000008ff00000| Untracked 
| 255|0x000000008ff00000, 0x0000000090000000, 0x0000000090000000|100%| O|  |TAMS 0x0000000090000000| PB 0x0000000090000000| Updating 
| 256|0x0000000090000000, 0x0000000090100000, 0x0000000090100000|100%| O|  |TAMS 0x0000000090100000| PB 0x0000000090100000| Untracked 
| 257|0x0000000090100000, 0x0000000090200000, 0x0000000090200000|100%| O|  |TAMS 0x0000000090200000| PB 0x0000000090200000| Untracked 
| 258|0x0000000090200000, 0x0000000090300000, 0x0000000090300000|100%| O|  |TAMS 0x0000000090300000| PB 0x0000000090300000| Untracked 
| 259|0x0000000090300000, 0x0000000090300000, 0x0000000090400000|  0%| F|  |TAMS 0x0000000090300000| PB 0x0000000090300000| Untracked 
| 260|0x0000000090400000, 0x0000000090500000, 0x0000000090500000|100%| O|  |TAMS 0x0000000090500000| PB 0x0000000090500000| Updating 
| 261|0x0000000090500000, 0x0000000090600000, 0x0000000090600000|100%| O|  |TAMS 0x0000000090600000| PB 0x0000000090600000| Untracked 
| 262|0x0000000090600000, 0x0000000090700000, 0x0000000090700000|100%| O|  |TAMS 0x0000000090700000| PB 0x0000000090700000| Untracked 
| 263|0x0000000090700000, 0x0000000090800000, 0x0000000090800000|100%| O|  |TAMS 0x0000000090800000| PB 0x0000000090800000| Untracked 
| 264|0x0000000090800000, 0x0000000090900000, 0x0000000090900000|100%| O|  |TAMS 0x0000000090900000| PB 0x0000000090900000| Updating 
| 265|0x0000000090900000, 0x0000000090a00000, 0x0000000090a00000|100%| O|  |TAMS 0x0000000090a00000| PB 0x0000000090a00000| Updating 
| 266|0x0000000090a00000, 0x0000000090b00000, 0x0000000090b00000|100%| O|  |TAMS 0x0000000090b00000| PB 0x0000000090b00000| Untracked 
| 267|0x0000000090b00000, 0x0000000090c00000, 0x0000000090c00000|100%| O|  |TAMS 0x0000000090c00000| PB 0x0000000090c00000| Untracked 
| 268|0x0000000090c00000, 0x0000000090d00000, 0x0000000090d00000|100%| O|  |TAMS 0x0000000090d00000| PB 0x0000000090d00000| Untracked 
| 269|0x0000000090d00000, 0x0000000090e00000, 0x0000000090e00000|100%| O|  |TAMS 0x0000000090e00000| PB 0x0000000090e00000| Untracked 
| 270|0x0000000090e00000, 0x0000000090f00000, 0x0000000090f00000|100%| O|  |TAMS 0x0000000090f00000| PB 0x0000000090f00000| Updating 
| 271|0x0000000090f00000, 0x0000000091000000, 0x0000000091000000|100%| O|  |TAMS 0x0000000091000000| PB 0x0000000091000000| Untracked 
| 272|0x0000000091000000, 0x0000000091100000, 0x0000000091100000|100%| O|  |TAMS 0x0000000091100000| PB 0x0000000091100000| Untracked 
| 273|0x0000000091100000, 0x0000000091200000, 0x0000000091200000|100%| O|  |TAMS 0x0000000091200000| PB 0x0000000091200000| Updating 
| 274|0x0000000091200000, 0x0000000091300000, 0x0000000091300000|100%| O|  |TAMS 0x0000000091300000| PB 0x0000000091300000| Untracked 
| 275|0x0000000091300000, 0x0000000091400000, 0x0000000091400000|100%| O|  |TAMS 0x0000000091400000| PB 0x0000000091400000| Untracked 
| 276|0x0000000091400000, 0x0000000091500000, 0x0000000091500000|100%| O|  |TAMS 0x0000000091500000| PB 0x0000000091500000| Updating 
| 277|0x0000000091500000, 0x0000000091600000, 0x0000000091600000|100%| O|  |TAMS 0x0000000091600000| PB 0x0000000091600000| Updating 
| 278|0x0000000091600000, 0x0000000091700000, 0x0000000091700000|100%| O|  |TAMS 0x0000000091700000| PB 0x0000000091700000| Updating 
| 279|0x0000000091700000, 0x0000000091800000, 0x0000000091800000|100%| O|  |TAMS 0x0000000091800000| PB 0x0000000091800000| Updating 
| 280|0x0000000091800000, 0x0000000091900000, 0x0000000091900000|100%| O|  |TAMS 0x0000000091900000| PB 0x0000000091900000| Updating 
| 281|0x0000000091900000, 0x0000000091a00000, 0x0000000091a00000|100%| O|  |TAMS 0x0000000091a00000| PB 0x0000000091a00000| Updating 
| 282|0x0000000091a00000, 0x0000000091b00000, 0x0000000091b00000|100%| O|  |TAMS 0x0000000091b00000| PB 0x0000000091b00000| Updating 
| 283|0x0000000091b00000, 0x0000000091c00000, 0x0000000091c00000|100%| O|  |TAMS 0x0000000091c00000| PB 0x0000000091c00000| Updating 
| 284|0x0000000091c00000, 0x0000000091d00000, 0x0000000091d00000|100%| O|  |TAMS 0x0000000091d00000| PB 0x0000000091d00000| Updating 
| 285|0x0000000091d00000, 0x0000000091e00000, 0x0000000091e00000|100%| O|  |TAMS 0x0000000091e00000| PB 0x0000000091e00000| Updating 
| 286|0x0000000091e00000, 0x0000000091f00000, 0x0000000091f00000|100%| O|  |TAMS 0x0000000091f00000| PB 0x0000000091f00000| Untracked 
| 287|0x0000000091f00000, 0x0000000092000000, 0x0000000092000000|100%| O|  |TAMS 0x0000000092000000| PB 0x0000000092000000| Untracked 
| 288|0x0000000092000000, 0x0000000092100000, 0x0000000092100000|100%| O|  |TAMS 0x0000000092100000| PB 0x0000000092100000| Untracked 
| 289|0x0000000092100000, 0x0000000092200000, 0x0000000092200000|100%| O|  |TAMS 0x0000000092200000| PB 0x0000000092200000| Untracked 
| 290|0x0000000092200000, 0x0000000092300000, 0x0000000092300000|100%|HS|  |TAMS 0x0000000092300000| PB 0x0000000092200000| Complete 
| 291|0x0000000092300000, 0x0000000092400000, 0x0000000092400000|100%|HC|  |TAMS 0x0000000092400000| PB 0x0000000092300000| Complete 
| 292|0x0000000092400000, 0x0000000092500000, 0x0000000092500000|100%| O|  |TAMS 0x0000000092500000| PB 0x0000000092500000| Untracked 
| 293|0x0000000092500000, 0x0000000092600000, 0x0000000092600000|100%| O|  |TAMS 0x0000000092600000| PB 0x0000000092600000| Untracked 
| 294|0x0000000092600000, 0x0000000092700000, 0x0000000092700000|100%| O|  |TAMS 0x0000000092700000| PB 0x0000000092700000| Untracked 
| 295|0x0000000092700000, 0x0000000092800000, 0x0000000092800000|100%| O|  |TAMS 0x0000000092800000| PB 0x0000000092800000| Untracked 
| 296|0x0000000092800000, 0x0000000092900000, 0x0000000092900000|100%| O|  |TAMS 0x0000000092900000| PB 0x0000000092900000| Untracked 
| 297|0x0000000092900000, 0x0000000092a00000, 0x0000000092a00000|100%| O|  |TAMS 0x0000000092a00000| PB 0x0000000092a00000| Untracked 
| 298|0x0000000092a00000, 0x0000000092b00000, 0x0000000092b00000|100%| O|  |TAMS 0x0000000092b00000| PB 0x0000000092b00000| Untracked 
| 299|0x0000000092b00000, 0x0000000092c00000, 0x0000000092c00000|100%| O|  |TAMS 0x0000000092c00000| PB 0x0000000092c00000| Untracked 
| 300|0x0000000092c00000, 0x0000000092d00000, 0x0000000092d00000|100%| O|  |TAMS 0x0000000092d00000| PB 0x0000000092d00000| Untracked 
| 301|0x0000000092d00000, 0x0000000092e00000, 0x0000000092e00000|100%| O|  |TAMS 0x0000000092e00000| PB 0x0000000092e00000| Untracked 
| 302|0x0000000092e00000, 0x0000000092f00000, 0x0000000092f00000|100%| O|  |TAMS 0x0000000092f00000| PB 0x0000000092f00000| Untracked 
| 303|0x0000000092f00000, 0x0000000093000000, 0x0000000093000000|100%| O|  |TAMS 0x0000000093000000| PB 0x0000000093000000| Untracked 
| 304|0x0000000093000000, 0x0000000093100000, 0x0000000093100000|100%| O|  |TAMS 0x0000000093100000| PB 0x0000000093100000| Updating 
| 305|0x0000000093100000, 0x0000000093200000, 0x0000000093200000|100%| O|  |TAMS 0x0000000093200000| PB 0x0000000093200000| Untracked 
| 306|0x0000000093200000, 0x0000000093300000, 0x0000000093300000|100%| O|  |TAMS 0x0000000093200000| PB 0x0000000093200000| Untracked 
| 307|0x0000000093300000, 0x0000000093400000, 0x0000000093400000|100%| O|  |TAMS 0x0000000093300000| PB 0x0000000093300000| Untracked 
| 308|0x0000000093400000, 0x0000000093500000, 0x0000000093500000|100%| O|  |TAMS 0x0000000093500000| PB 0x0000000093500000| Updating 
| 309|0x0000000093500000, 0x0000000093600000, 0x0000000093600000|100%| O|  |TAMS 0x0000000093600000| PB 0x0000000093600000| Updating 
| 310|0x0000000093600000, 0x0000000093700000, 0x0000000093700000|100%| O|  |TAMS 0x0000000093700000| PB 0x0000000093700000| Updating 
| 311|0x0000000093700000, 0x0000000093800000, 0x0000000093800000|100%| O|  |TAMS 0x0000000093800000| PB 0x0000000093800000| Untracked 
| 312|0x0000000093800000, 0x0000000093900000, 0x0000000093900000|100%| O|  |TAMS 0x0000000093900000| PB 0x0000000093900000| Updating 
| 313|0x0000000093900000, 0x0000000093a00000, 0x0000000093a00000|100%| O|  |TAMS 0x0000000093a00000| PB 0x0000000093a00000| Updating 
| 314|0x0000000093a00000, 0x0000000093b00000, 0x0000000093b00000|100%| O|  |TAMS 0x0000000093b00000| PB 0x0000000093b00000| Updating 
| 315|0x0000000093b00000, 0x0000000093c00000, 0x0000000093c00000|100%| O|  |TAMS 0x0000000093c00000| PB 0x0000000093c00000| Untracked 
| 316|0x0000000093c00000, 0x0000000093d00000, 0x0000000093d00000|100%| O|  |TAMS 0x0000000093d00000| PB 0x0000000093d00000| Untracked 
| 317|0x0000000093d00000, 0x0000000093e00000, 0x0000000093e00000|100%| O|  |TAMS 0x0000000093e00000| PB 0x0000000093e00000| Untracked 
| 318|0x0000000093e00000, 0x0000000093f00000, 0x0000000093f00000|100%| O|  |TAMS 0x0000000093f00000| PB 0x0000000093f00000| Untracked 
| 319|0x0000000093f00000, 0x0000000094000000, 0x0000000094000000|100%| O|  |TAMS 0x0000000094000000| PB 0x0000000094000000| Untracked 
| 320|0x0000000094000000, 0x0000000094100000, 0x0000000094100000|100%| O|  |TAMS 0x0000000094100000| PB 0x0000000094100000| Untracked 
| 321|0x0000000094100000, 0x0000000094200000, 0x0000000094200000|100%| O|  |TAMS 0x0000000094200000| PB 0x0000000094200000| Untracked 
| 322|0x0000000094200000, 0x0000000094300000, 0x0000000094300000|100%| O|  |TAMS 0x0000000094300000| PB 0x0000000094300000| Untracked 
| 323|0x0000000094300000, 0x0000000094400000, 0x0000000094400000|100%| O|  |TAMS 0x0000000094400000| PB 0x0000000094400000| Untracked 
| 324|0x0000000094400000, 0x0000000094500000, 0x0000000094500000|100%| O|  |TAMS 0x0000000094500000| PB 0x0000000094500000| Untracked 
| 325|0x0000000094500000, 0x0000000094600000, 0x0000000094600000|100%| O|  |TAMS 0x0000000094600000| PB 0x0000000094600000| Untracked 
| 326|0x0000000094600000, 0x0000000094700000, 0x0000000094700000|100%| O|  |TAMS 0x0000000094700000| PB 0x0000000094700000| Untracked 
| 327|0x0000000094700000, 0x0000000094800000, 0x0000000094800000|100%| O|  |TAMS 0x0000000094800000| PB 0x0000000094800000| Untracked 
| 328|0x0000000094800000, 0x0000000094900000, 0x0000000094900000|100%| O|  |TAMS 0x0000000094900000| PB 0x0000000094900000| Untracked 
| 329|0x0000000094900000, 0x0000000094a00000, 0x0000000094a00000|100%| O|  |TAMS 0x0000000094a00000| PB 0x0000000094a00000| Untracked 
| 330|0x0000000094a00000, 0x0000000094b00000, 0x0000000094b00000|100%| O|  |TAMS 0x0000000094b00000| PB 0x0000000094b00000| Untracked 
| 331|0x0000000094b00000, 0x0000000094c00000, 0x0000000094c00000|100%| O|  |TAMS 0x0000000094c00000| PB 0x0000000094c00000| Untracked 
| 332|0x0000000094c00000, 0x0000000094d00000, 0x0000000094d00000|100%| O|  |TAMS 0x0000000094d00000| PB 0x0000000094d00000| Untracked 
| 333|0x0000000094d00000, 0x0000000094e00000, 0x0000000094e00000|100%| O|  |TAMS 0x0000000094e00000| PB 0x0000000094e00000| Untracked 
| 334|0x0000000094e00000, 0x0000000094f00000, 0x0000000094f00000|100%| O|  |TAMS 0x0000000094f00000| PB 0x0000000094f00000| Untracked 
| 335|0x0000000094f00000, 0x0000000095000000, 0x0000000095000000|100%| O|  |TAMS 0x0000000095000000| PB 0x0000000095000000| Untracked 
| 336|0x0000000095000000, 0x0000000095100000, 0x0000000095100000|100%| O|  |TAMS 0x0000000095100000| PB 0x0000000095100000| Untracked 
| 337|0x0000000095100000, 0x0000000095200000, 0x0000000095200000|100%| O|  |TAMS 0x0000000095200000| PB 0x0000000095200000| Untracked 
| 338|0x0000000095200000, 0x0000000095300000, 0x0000000095300000|100%| O|  |TAMS 0x0000000095300000| PB 0x0000000095300000| Untracked 
| 339|0x0000000095300000, 0x0000000095400000, 0x0000000095400000|100%| O|  |TAMS 0x0000000095400000| PB 0x0000000095400000| Untracked 
| 340|0x0000000095400000, 0x0000000095500000, 0x0000000095500000|100%| O|  |TAMS 0x0000000095500000| PB 0x0000000095500000| Untracked 
| 341|0x0000000095500000, 0x0000000095600000, 0x0000000095600000|100%| O|  |TAMS 0x0000000095600000| PB 0x0000000095600000| Untracked 
| 342|0x0000000095600000, 0x0000000095700000, 0x0000000095700000|100%| O|  |TAMS 0x0000000095700000| PB 0x0000000095700000| Untracked 
| 343|0x0000000095700000, 0x0000000095800000, 0x0000000095800000|100%| O|  |TAMS 0x0000000095800000| PB 0x0000000095800000| Untracked 
| 344|0x0000000095800000, 0x0000000095900000, 0x0000000095900000|100%| O|  |TAMS 0x0000000095900000| PB 0x0000000095900000| Untracked 
| 345|0x0000000095900000, 0x0000000095a00000, 0x0000000095a00000|100%| O|  |TAMS 0x0000000095a00000| PB 0x0000000095a00000| Untracked 
| 346|0x0000000095a00000, 0x0000000095b00000, 0x0000000095b00000|100%| O|  |TAMS 0x0000000095b00000| PB 0x0000000095b00000| Untracked 
| 347|0x0000000095b00000, 0x0000000095c00000, 0x0000000095c00000|100%| O|  |TAMS 0x0000000095c00000| PB 0x0000000095c00000| Untracked 
| 348|0x0000000095c00000, 0x0000000095d00000, 0x0000000095d00000|100%| O|  |TAMS 0x0000000095d00000| PB 0x0000000095d00000| Untracked 
| 349|0x0000000095d00000, 0x0000000095e00000, 0x0000000095e00000|100%| O|  |TAMS 0x0000000095e00000| PB 0x0000000095e00000| Untracked 
| 350|0x0000000095e00000, 0x0000000095f00000, 0x0000000095f00000|100%| O|  |TAMS 0x0000000095f00000| PB 0x0000000095f00000| Updating 
| 351|0x0000000095f00000, 0x0000000096000000, 0x0000000096000000|100%| O|  |TAMS 0x0000000096000000| PB 0x0000000096000000| Updating 
| 352|0x0000000096000000, 0x0000000096100000, 0x0000000096100000|100%| O|  |TAMS 0x0000000096000000| PB 0x0000000096000000| Untracked 
| 353|0x0000000096100000, 0x0000000096200000, 0x0000000096200000|100%| O|  |TAMS 0x0000000096100000| PB 0x0000000096100000| Untracked 
| 354|0x0000000096200000, 0x0000000096300000, 0x0000000096300000|100%| O|  |TAMS 0x0000000096300000| PB 0x0000000096300000| Updating 
| 355|0x0000000096300000, 0x0000000096400000, 0x0000000096400000|100%|HS|  |TAMS 0x0000000096400000| PB 0x0000000096300000| Complete 
| 356|0x0000000096400000, 0x0000000096500000, 0x0000000096500000|100%| O|  |TAMS 0x0000000096500000| PB 0x0000000096500000| Updating 
| 357|0x0000000096500000, 0x0000000096600000, 0x0000000096600000|100%| O|  |TAMS 0x0000000096600000| PB 0x0000000096600000| Updating 
| 358|0x0000000096600000, 0x0000000096700000, 0x0000000096700000|100%| O|  |TAMS 0x0000000096700000| PB 0x0000000096700000| Untracked 
| 359|0x0000000096700000, 0x0000000096800000, 0x0000000096800000|100%| O|  |TAMS 0x0000000096800000| PB 0x0000000096800000| Untracked 
| 360|0x0000000096800000, 0x0000000096900000, 0x0000000096900000|100%| O|  |TAMS 0x0000000096900000| PB 0x0000000096900000| Untracked 
| 361|0x0000000096900000, 0x0000000096a00000, 0x0000000096a00000|100%| O|  |TAMS 0x0000000096a00000| PB 0x0000000096a00000| Updating 
| 362|0x0000000096a00000, 0x0000000096b00000, 0x0000000096b00000|100%| O|  |TAMS 0x0000000096b00000| PB 0x0000000096b00000| Untracked 
| 363|0x0000000096b00000, 0x0000000096c00000, 0x0000000096c00000|100%| O|  |TAMS 0x0000000096c00000| PB 0x0000000096c00000| Untracked 
| 364|0x0000000096c00000, 0x0000000096d00000, 0x0000000096d00000|100%| O|  |TAMS 0x0000000096d00000| PB 0x0000000096d00000| Untracked 
| 365|0x0000000096d00000, 0x0000000096e00000, 0x0000000096e00000|100%| O|  |TAMS 0x0000000096e00000| PB 0x0000000096e00000| Updating 
| 366|0x0000000096e00000, 0x0000000096f00000, 0x0000000096f00000|100%| O|  |TAMS 0x0000000096f00000| PB 0x0000000096f00000| Updating 
| 367|0x0000000096f00000, 0x0000000097000000, 0x0000000097000000|100%| O|  |TAMS 0x0000000096f00000| PB 0x0000000096f00000| Untracked 
| 368|0x0000000097000000, 0x0000000097100000, 0x0000000097100000|100%| O|  |TAMS 0x0000000097100000| PB 0x0000000097100000| Updating 
| 369|0x0000000097100000, 0x0000000097200000, 0x0000000097200000|100%| O|  |TAMS 0x0000000097200000| PB 0x0000000097200000| Untracked 
| 370|0x0000000097200000, 0x0000000097300000, 0x0000000097300000|100%| O|  |TAMS 0x0000000097300000| PB 0x0000000097300000| Updating 
| 371|0x0000000097300000, 0x0000000097400000, 0x0000000097400000|100%| O|  |TAMS 0x0000000097400000| PB 0x0000000097400000| Updating 
| 372|0x0000000097400000, 0x0000000097500000, 0x0000000097500000|100%| O|  |TAMS 0x0000000097500000| PB 0x0000000097500000| Untracked 
| 373|0x0000000097500000, 0x0000000097600000, 0x0000000097600000|100%| O|  |TAMS 0x0000000097600000| PB 0x0000000097600000| Updating 
| 374|0x0000000097600000, 0x0000000097700000, 0x0000000097700000|100%| O|  |TAMS 0x0000000097700000| PB 0x0000000097700000| Updating 
| 375|0x0000000097700000, 0x0000000097800000, 0x0000000097800000|100%| O|  |TAMS 0x0000000097800000| PB 0x0000000097800000| Updating 
| 376|0x0000000097800000, 0x0000000097900000, 0x0000000097900000|100%| O|  |TAMS 0x0000000097900000| PB 0x0000000097900000| Updating 
| 377|0x0000000097900000, 0x0000000097a00000, 0x0000000097a00000|100%| O|  |TAMS 0x0000000097a00000| PB 0x0000000097a00000| Updating 
| 378|0x0000000097a00000, 0x0000000097b00000, 0x0000000097b00000|100%| O|  |TAMS 0x0000000097b00000| PB 0x0000000097b00000| Untracked 
| 379|0x0000000097b00000, 0x0000000097c00000, 0x0000000097c00000|100%| O|  |TAMS 0x0000000097c00000| PB 0x0000000097c00000| Untracked 
| 380|0x0000000097c00000, 0x0000000097d00000, 0x0000000097d00000|100%| O|  |TAMS 0x0000000097d00000| PB 0x0000000097d00000| Untracked 
| 381|0x0000000097d00000, 0x0000000097e00000, 0x0000000097e00000|100%| O|  |TAMS 0x0000000097e00000| PB 0x0000000097e00000| Untracked 
| 382|0x0000000097e00000, 0x0000000097f00000, 0x0000000097f00000|100%| O|  |TAMS 0x0000000097f00000| PB 0x0000000097f00000| Untracked 
| 383|0x0000000097f00000, 0x0000000098000000, 0x0000000098000000|100%| O|  |TAMS 0x0000000098000000| PB 0x0000000098000000| Untracked 
| 384|0x0000000098000000, 0x0000000098100000, 0x0000000098100000|100%| O|  |TAMS 0x0000000098100000| PB 0x0000000098100000| Untracked 
| 385|0x0000000098100000, 0x0000000098200000, 0x0000000098200000|100%| O|  |TAMS 0x0000000098200000| PB 0x0000000098200000| Untracked 
| 386|0x0000000098200000, 0x0000000098300000, 0x0000000098300000|100%| O|  |TAMS 0x0000000098300000| PB 0x0000000098300000| Untracked 
| 387|0x0000000098300000, 0x0000000098400000, 0x0000000098400000|100%| O|  |TAMS 0x0000000098400000| PB 0x0000000098400000| Untracked 
| 388|0x0000000098400000, 0x0000000098500000, 0x0000000098500000|100%| O|  |TAMS 0x0000000098500000| PB 0x0000000098500000| Untracked 
| 389|0x0000000098500000, 0x0000000098600000, 0x0000000098600000|100%| O|  |TAMS 0x0000000098600000| PB 0x0000000098600000| Untracked 
| 390|0x0000000098600000, 0x0000000098700000, 0x0000000098700000|100%| O|  |TAMS 0x0000000098700000| PB 0x0000000098700000| Untracked 
| 391|0x0000000098700000, 0x0000000098800000, 0x0000000098800000|100%| O|  |TAMS 0x0000000098800000| PB 0x0000000098800000| Untracked 
| 392|0x0000000098800000, 0x0000000098900000, 0x0000000098900000|100%| O|  |TAMS 0x0000000098900000| PB 0x0000000098900000| Untracked 
| 393|0x0000000098900000, 0x0000000098a00000, 0x0000000098a00000|100%| O|  |TAMS 0x0000000098a00000| PB 0x0000000098a00000| Updating 
| 394|0x0000000098a00000, 0x0000000098b00000, 0x0000000098b00000|100%| O|  |TAMS 0x0000000098b00000| PB 0x0000000098b00000| Updating 
| 395|0x0000000098b00000, 0x0000000098c00000, 0x0000000098c00000|100%|HS|  |TAMS 0x0000000098c00000| PB 0x0000000098b00000| Complete 
| 396|0x0000000098c00000, 0x0000000098d00000, 0x0000000098d00000|100%|HC|  |TAMS 0x0000000098d00000| PB 0x0000000098c00000| Complete 
| 397|0x0000000098d00000, 0x0000000098e00000, 0x0000000098e00000|100%|HC|  |TAMS 0x0000000098e00000| PB 0x0000000098d00000| Complete 
| 398|0x0000000098e00000, 0x0000000098f00000, 0x0000000098f00000|100%| O|  |TAMS 0x0000000098f00000| PB 0x0000000098f00000| Untracked 
| 399|0x0000000098f00000, 0x0000000099000000, 0x0000000099000000|100%|HS|  |TAMS 0x0000000099000000| PB 0x0000000098f00000| Complete 
| 400|0x0000000099000000, 0x0000000099100000, 0x0000000099100000|100%|HC|  |TAMS 0x0000000099100000| PB 0x0000000099000000| Complete 
| 401|0x0000000099100000, 0x0000000099200000, 0x0000000099200000|100%| O|  |TAMS 0x0000000099200000| PB 0x0000000099200000| Untracked 
| 402|0x0000000099200000, 0x0000000099300000, 0x0000000099300000|100%| O|  |TAMS 0x0000000099300000| PB 0x0000000099300000| Untracked 
| 403|0x0000000099300000, 0x0000000099400000, 0x0000000099400000|100%| O|  |TAMS 0x0000000099400000| PB 0x0000000099400000| Untracked 
| 404|0x0000000099400000, 0x0000000099500000, 0x0000000099500000|100%| O|  |TAMS 0x0000000099500000| PB 0x0000000099500000| Untracked 
| 405|0x0000000099500000, 0x0000000099600000, 0x0000000099600000|100%| O|  |TAMS 0x0000000099600000| PB 0x0000000099600000| Untracked 
| 406|0x0000000099600000, 0x0000000099700000, 0x0000000099700000|100%| O|  |TAMS 0x0000000099700000| PB 0x0000000099700000| Untracked 
| 407|0x0000000099700000, 0x0000000099800000, 0x0000000099800000|100%| O|  |TAMS 0x0000000099800000| PB 0x0000000099800000| Untracked 
| 408|0x0000000099800000, 0x0000000099900000, 0x0000000099900000|100%| O|  |TAMS 0x0000000099900000| PB 0x0000000099900000| Updating 
| 409|0x0000000099900000, 0x0000000099a00000, 0x0000000099a00000|100%| O|  |TAMS 0x0000000099a00000| PB 0x0000000099a00000| Untracked 
| 410|0x0000000099a00000, 0x0000000099b00000, 0x0000000099b00000|100%| O|  |TAMS 0x0000000099b00000| PB 0x0000000099b00000| Untracked 
| 411|0x0000000099b00000, 0x0000000099c00000, 0x0000000099c00000|100%| O|  |TAMS 0x0000000099c00000| PB 0x0000000099c00000| Untracked 
| 412|0x0000000099c00000, 0x0000000099d00000, 0x0000000099d00000|100%| O|  |TAMS 0x0000000099d00000| PB 0x0000000099d00000| Untracked 
| 413|0x0000000099d00000, 0x0000000099e00000, 0x0000000099e00000|100%| O|  |TAMS 0x0000000099e00000| PB 0x0000000099e00000| Untracked 
| 414|0x0000000099e00000, 0x0000000099f00000, 0x0000000099f00000|100%| O|  |TAMS 0x0000000099f00000| PB 0x0000000099f00000| Untracked 
| 415|0x0000000099f00000, 0x000000009a000000, 0x000000009a000000|100%| O|  |TAMS 0x000000009a000000| PB 0x000000009a000000| Updating 
| 416|0x000000009a000000, 0x000000009a100000, 0x000000009a100000|100%| O|  |TAMS 0x000000009a100000| PB 0x000000009a100000| Updating 
| 417|0x000000009a100000, 0x000000009a200000, 0x000000009a200000|100%| O|  |TAMS 0x000000009a100000| PB 0x000000009a100000| Untracked 
| 418|0x000000009a200000, 0x000000009a300000, 0x000000009a300000|100%| O|  |TAMS 0x000000009a200000| PB 0x000000009a200000| Untracked 
| 419|0x000000009a300000, 0x000000009a400000, 0x000000009a400000|100%| O|  |TAMS 0x000000009a400000| PB 0x000000009a400000| Updating 
| 420|0x000000009a400000, 0x000000009a500000, 0x000000009a500000|100%| O|  |TAMS 0x000000009a500000| PB 0x000000009a500000| Untracked 
| 421|0x000000009a500000, 0x000000009a600000, 0x000000009a600000|100%| O|  |TAMS 0x000000009a600000| PB 0x000000009a600000| Updating 
| 422|0x000000009a600000, 0x000000009a700000, 0x000000009a700000|100%| O|  |TAMS 0x000000009a700000| PB 0x000000009a700000| Untracked 
| 423|0x000000009a700000, 0x000000009a800000, 0x000000009a800000|100%| O|  |TAMS 0x000000009a800000| PB 0x000000009a800000| Updating 
| 424|0x000000009a800000, 0x000000009a900000, 0x000000009a900000|100%| O|  |TAMS 0x000000009a900000| PB 0x000000009a900000| Updating 
| 425|0x000000009a900000, 0x000000009aa00000, 0x000000009aa00000|100%| O|  |TAMS 0x000000009aa00000| PB 0x000000009aa00000| Updating 
| 426|0x000000009aa00000, 0x000000009ab00000, 0x000000009ab00000|100%| O|  |TAMS 0x000000009ab00000| PB 0x000000009ab00000| Updating 
| 427|0x000000009ab00000, 0x000000009ac00000, 0x000000009ac00000|100%| O|  |TAMS 0x000000009ac00000| PB 0x000000009ac00000| Updating 
| 428|0x000000009ac00000, 0x000000009ad00000, 0x000000009ad00000|100%| O|  |TAMS 0x000000009ad00000| PB 0x000000009ad00000| Updating 
| 429|0x000000009ad00000, 0x000000009ae00000, 0x000000009ae00000|100%| O|  |TAMS 0x000000009ae00000| PB 0x000000009ae00000| Untracked 
| 430|0x000000009ae00000, 0x000000009af00000, 0x000000009af00000|100%| O|  |TAMS 0x000000009af00000| PB 0x000000009af00000| Updating 
| 431|0x000000009af00000, 0x000000009b000000, 0x000000009b000000|100%| O|  |TAMS 0x000000009b000000| PB 0x000000009b000000| Untracked 
| 432|0x000000009b000000, 0x000000009b100000, 0x000000009b100000|100%| O|  |TAMS 0x000000009b100000| PB 0x000000009b100000| Untracked 
| 433|0x000000009b100000, 0x000000009b200000, 0x000000009b200000|100%| O|  |TAMS 0x000000009b200000| PB 0x000000009b200000| Untracked 
| 434|0x000000009b200000, 0x000000009b300000, 0x000000009b300000|100%| O|  |TAMS 0x000000009b300000| PB 0x000000009b300000| Untracked 
| 435|0x000000009b300000, 0x000000009b400000, 0x000000009b400000|100%| O|  |TAMS 0x000000009b400000| PB 0x000000009b400000| Untracked 
| 436|0x000000009b400000, 0x000000009b500000, 0x000000009b500000|100%| O|  |TAMS 0x000000009b500000| PB 0x000000009b500000| Untracked 
| 437|0x000000009b500000, 0x000000009b600000, 0x000000009b600000|100%| O|  |TAMS 0x000000009b600000| PB 0x000000009b600000| Untracked 
| 438|0x000000009b600000, 0x000000009b700000, 0x000000009b700000|100%| O|  |TAMS 0x000000009b700000| PB 0x000000009b700000| Untracked 
| 439|0x000000009b700000, 0x000000009b800000, 0x000000009b800000|100%| O|  |TAMS 0x000000009b800000| PB 0x000000009b800000| Untracked 
| 440|0x000000009b800000, 0x000000009b900000, 0x000000009b900000|100%| O|  |TAMS 0x000000009b900000| PB 0x000000009b900000| Untracked 
| 441|0x000000009b900000, 0x000000009ba00000, 0x000000009ba00000|100%| O|  |TAMS 0x000000009ba00000| PB 0x000000009ba00000| Untracked 
| 442|0x000000009ba00000, 0x000000009bb00000, 0x000000009bb00000|100%| O|  |TAMS 0x000000009bb00000| PB 0x000000009bb00000| Untracked 
| 443|0x000000009bb00000, 0x000000009bc00000, 0x000000009bc00000|100%| O|  |TAMS 0x000000009bc00000| PB 0x000000009bc00000| Untracked 
| 444|0x000000009bc00000, 0x000000009bd00000, 0x000000009bd00000|100%| O|  |TAMS 0x000000009bd00000| PB 0x000000009bd00000| Untracked 
| 445|0x000000009bd00000, 0x000000009be00000, 0x000000009be00000|100%| O|  |TAMS 0x000000009be00000| PB 0x000000009be00000| Updating 
| 446|0x000000009be00000, 0x000000009be00000, 0x000000009bf00000|  0%| F|  |TAMS 0x000000009be00000| PB 0x000000009be00000| Untracked 
| 447|0x000000009bf00000, 0x000000009c000000, 0x000000009c000000|100%| O|  |TAMS 0x000000009c000000| PB 0x000000009c000000| Updating 
| 448|0x000000009c000000, 0x000000009c100000, 0x000000009c100000|100%| O|  |TAMS 0x000000009c100000| PB 0x000000009c100000| Updating 
| 449|0x000000009c100000, 0x000000009c200000, 0x000000009c200000|100%| O|  |TAMS 0x000000009c100000| PB 0x000000009c100000| Untracked 
| 450|0x000000009c200000, 0x000000009c300000, 0x000000009c300000|100%| O|  |TAMS 0x000000009c200000| PB 0x000000009c200000| Untracked 
| 451|0x000000009c300000, 0x000000009c400000, 0x000000009c400000|100%| O|  |TAMS 0x000000009c300000| PB 0x000000009c300000| Untracked 
| 452|0x000000009c400000, 0x000000009c500000, 0x000000009c500000|100%| O|  |TAMS 0x000000009c500000| PB 0x000000009c500000| Updating 
| 453|0x000000009c500000, 0x000000009c600000, 0x000000009c600000|100%| O|  |TAMS 0x000000009c600000| PB 0x000000009c600000| Untracked 
| 454|0x000000009c600000, 0x000000009c700000, 0x000000009c700000|100%| O|  |TAMS 0x000000009c700000| PB 0x000000009c700000| Untracked 
| 455|0x000000009c700000, 0x000000009c800000, 0x000000009c800000|100%| O|  |TAMS 0x000000009c800000| PB 0x000000009c800000| Untracked 
| 456|0x000000009c800000, 0x000000009c900000, 0x000000009c900000|100%| O|  |TAMS 0x000000009c900000| PB 0x000000009c900000| Untracked 
| 457|0x000000009c900000, 0x000000009ca00000, 0x000000009ca00000|100%| O|  |TAMS 0x000000009ca00000| PB 0x000000009ca00000| Untracked 
| 458|0x000000009ca00000, 0x000000009cb00000, 0x000000009cb00000|100%| O|  |TAMS 0x000000009cb00000| PB 0x000000009cb00000| Untracked 
| 459|0x000000009cb00000, 0x000000009cc00000, 0x000000009cc00000|100%| O|  |TAMS 0x000000009cc00000| PB 0x000000009cc00000| Updating 
| 460|0x000000009cc00000, 0x000000009cd00000, 0x000000009cd00000|100%| O|  |TAMS 0x000000009cd00000| PB 0x000000009cd00000| Untracked 
| 461|0x000000009cd00000, 0x000000009ce00000, 0x000000009ce00000|100%| O|  |TAMS 0x000000009ce00000| PB 0x000000009ce00000| Untracked 
| 462|0x000000009ce00000, 0x000000009cf00000, 0x000000009cf00000|100%| O|  |TAMS 0x000000009cf00000| PB 0x000000009cf00000| Untracked 
| 463|0x000000009cf00000, 0x000000009d000000, 0x000000009d000000|100%| O|  |TAMS 0x000000009d000000| PB 0x000000009d000000| Untracked 
| 464|0x000000009d000000, 0x000000009d100000, 0x000000009d100000|100%| O|  |TAMS 0x000000009d100000| PB 0x000000009d100000| Untracked 
| 465|0x000000009d100000, 0x000000009d200000, 0x000000009d200000|100%| O|  |TAMS 0x000000009d200000| PB 0x000000009d200000| Untracked 
| 466|0x000000009d200000, 0x000000009d300000, 0x000000009d300000|100%| O|  |TAMS 0x000000009d300000| PB 0x000000009d300000| Untracked 
| 467|0x000000009d300000, 0x000000009d400000, 0x000000009d400000|100%| O|  |TAMS 0x000000009d400000| PB 0x000000009d400000| Untracked 
| 468|0x000000009d400000, 0x000000009d500000, 0x000000009d500000|100%| O|  |TAMS 0x000000009d500000| PB 0x000000009d500000| Untracked 
| 469|0x000000009d500000, 0x000000009d600000, 0x000000009d600000|100%| O|  |TAMS 0x000000009d600000| PB 0x000000009d600000| Untracked 
| 470|0x000000009d600000, 0x000000009d700000, 0x000000009d700000|100%| O|  |TAMS 0x000000009d700000| PB 0x000000009d700000| Untracked 
| 471|0x000000009d700000, 0x000000009d800000, 0x000000009d800000|100%| O|  |TAMS 0x000000009d800000| PB 0x000000009d800000| Untracked 
| 472|0x000000009d800000, 0x000000009d900000, 0x000000009d900000|100%| O|  |TAMS 0x000000009d900000| PB 0x000000009d900000| Untracked 
| 473|0x000000009d900000, 0x000000009da00000, 0x000000009da00000|100%| O|  |TAMS 0x000000009da00000| PB 0x000000009da00000| Untracked 
| 474|0x000000009da00000, 0x000000009db00000, 0x000000009db00000|100%| O|  |TAMS 0x000000009db00000| PB 0x000000009db00000| Untracked 
| 475|0x000000009db00000, 0x000000009dc00000, 0x000000009dc00000|100%| O|  |TAMS 0x000000009dc00000| PB 0x000000009dc00000| Untracked 
| 476|0x000000009dc00000, 0x000000009dd00000, 0x000000009dd00000|100%| O|  |TAMS 0x000000009dd00000| PB 0x000000009dd00000| Untracked 
| 477|0x000000009dd00000, 0x000000009de00000, 0x000000009de00000|100%| O|  |TAMS 0x000000009de00000| PB 0x000000009de00000| Untracked 
| 478|0x000000009de00000, 0x000000009df00000, 0x000000009df00000|100%| O|  |TAMS 0x000000009df00000| PB 0x000000009df00000| Untracked 
| 479|0x000000009df00000, 0x000000009e000000, 0x000000009e000000|100%| O|  |TAMS 0x000000009e000000| PB 0x000000009e000000| Untracked 
| 480|0x000000009e000000, 0x000000009e100000, 0x000000009e100000|100%| O|  |TAMS 0x000000009e100000| PB 0x000000009e100000| Untracked 
| 481|0x000000009e100000, 0x000000009e200000, 0x000000009e200000|100%| O|  |TAMS 0x000000009e200000| PB 0x000000009e200000| Untracked 
| 482|0x000000009e200000, 0x000000009e300000, 0x000000009e300000|100%|HS|  |TAMS 0x000000009e300000| PB 0x000000009e200000| Complete 
| 483|0x000000009e300000, 0x000000009e400000, 0x000000009e400000|100%|HC|  |TAMS 0x000000009e400000| PB 0x000000009e300000| Complete 
| 484|0x000000009e400000, 0x000000009e500000, 0x000000009e500000|100%|HC|  |TAMS 0x000000009e500000| PB 0x000000009e400000| Complete 
| 485|0x000000009e500000, 0x000000009e600000, 0x000000009e600000|100%| O|  |TAMS 0x000000009e600000| PB 0x000000009e600000| Untracked 
| 486|0x000000009e600000, 0x000000009e700000, 0x000000009e700000|100%| O|  |TAMS 0x000000009e700000| PB 0x000000009e700000| Untracked 
| 487|0x000000009e700000, 0x000000009e800000, 0x000000009e800000|100%| O|  |TAMS 0x000000009e800000| PB 0x000000009e800000| Untracked 
| 488|0x000000009e800000, 0x000000009e900000, 0x000000009e900000|100%| O|  |TAMS 0x000000009e900000| PB 0x000000009e900000| Untracked 
| 489|0x000000009e900000, 0x000000009e900000, 0x000000009ea00000|  0%| F|  |TAMS 0x000000009e900000| PB 0x000000009e900000| Untracked 
| 490|0x000000009ea00000, 0x000000009ea00000, 0x000000009eb00000|  0%| F|  |TAMS 0x000000009ea00000| PB 0x000000009ea00000| Untracked 
| 491|0x000000009eb00000, 0x000000009ec00000, 0x000000009ec00000|100%| O|  |TAMS 0x000000009ec00000| PB 0x000000009ec00000| Untracked 
| 492|0x000000009ec00000, 0x000000009ed00000, 0x000000009ed00000|100%| O|  |TAMS 0x000000009ed00000| PB 0x000000009ed00000| Untracked 
| 493|0x000000009ed00000, 0x000000009ee00000, 0x000000009ee00000|100%| O|  |TAMS 0x000000009ee00000| PB 0x000000009ee00000| Untracked 
| 494|0x000000009ee00000, 0x000000009ef00000, 0x000000009ef00000|100%| O|  |TAMS 0x000000009ef00000| PB 0x000000009ef00000| Untracked 
| 495|0x000000009ef00000, 0x000000009f000000, 0x000000009f000000|100%| O|  |TAMS 0x000000009f000000| PB 0x000000009f000000| Untracked 
| 496|0x000000009f000000, 0x000000009f100000, 0x000000009f100000|100%| O|  |TAMS 0x000000009f100000| PB 0x000000009f100000| Untracked 
| 497|0x000000009f100000, 0x000000009f200000, 0x000000009f200000|100%| O|  |TAMS 0x000000009f200000| PB 0x000000009f200000| Untracked 
| 498|0x000000009f200000, 0x000000009f300000, 0x000000009f300000|100%| O|  |TAMS 0x000000009f300000| PB 0x000000009f300000| Untracked 
| 499|0x000000009f300000, 0x000000009f300000, 0x000000009f400000|  0%| F|  |TAMS 0x000000009f300000| PB 0x000000009f300000| Untracked 
| 500|0x000000009f400000, 0x000000009f400000, 0x000000009f500000|  0%| F|  |TAMS 0x000000009f400000| PB 0x000000009f400000| Untracked 
| 501|0x000000009f500000, 0x000000009f500000, 0x000000009f600000|  0%| F|  |TAMS 0x000000009f500000| PB 0x000000009f500000| Untracked 
| 502|0x000000009f600000, 0x000000009f700000, 0x000000009f700000|100%| O|  |TAMS 0x000000009f700000| PB 0x000000009f700000| Untracked 
| 503|0x000000009f700000, 0x000000009f800000, 0x000000009f800000|100%| O|  |TAMS 0x000000009f800000| PB 0x000000009f800000| Untracked 
| 504|0x000000009f800000, 0x000000009f900000, 0x000000009f900000|100%| O|  |TAMS 0x000000009f900000| PB 0x000000009f900000| Untracked 
| 505|0x000000009f900000, 0x000000009fa00000, 0x000000009fa00000|100%| O|  |TAMS 0x000000009fa00000| PB 0x000000009fa00000| Untracked 
| 506|0x000000009fa00000, 0x000000009fb00000, 0x000000009fb00000|100%| O|  |TAMS 0x000000009fb00000| PB 0x000000009fb00000| Untracked 
| 507|0x000000009fb00000, 0x000000009fc00000, 0x000000009fc00000|100%| O|  |TAMS 0x000000009fc00000| PB 0x000000009fc00000| Untracked 
| 508|0x000000009fc00000, 0x000000009fd00000, 0x000000009fd00000|100%| O|  |TAMS 0x000000009fd00000| PB 0x000000009fd00000| Untracked 
| 509|0x000000009fd00000, 0x000000009fd00000, 0x000000009fe00000|  0%| F|  |TAMS 0x000000009fd00000| PB 0x000000009fd00000| Untracked 
| 510|0x000000009fe00000, 0x000000009fe00000, 0x000000009ff00000|  0%| F|  |TAMS 0x000000009fe00000| PB 0x000000009fe00000| Untracked 
| 511|0x000000009ff00000, 0x000000009ff00000, 0x00000000a0000000|  0%| F|  |TAMS 0x000000009ff00000| PB 0x000000009ff00000| Untracked 
| 512|0x00000000a0000000, 0x00000000a0100000, 0x00000000a0100000|100%| O|  |TAMS 0x00000000a0100000| PB 0x00000000a0100000| Untracked 
| 513|0x00000000a0100000, 0x00000000a0100000, 0x00000000a0200000|  0%| F|  |TAMS 0x00000000a0100000| PB 0x00000000a0100000| Untracked 
| 514|0x00000000a0200000, 0x00000000a0300000, 0x00000000a0300000|100%| O|  |TAMS 0x00000000a0300000| PB 0x00000000a0300000| Untracked 
| 515|0x00000000a0300000, 0x00000000a0300000, 0x00000000a0400000|  0%| F|  |TAMS 0x00000000a0300000| PB 0x00000000a0300000| Untracked 
| 516|0x00000000a0400000, 0x00000000a0500000, 0x00000000a0500000|100%| O|  |TAMS 0x00000000a0500000| PB 0x00000000a0500000| Untracked 
| 517|0x00000000a0500000, 0x00000000a0600000, 0x00000000a0600000|100%| O|  |TAMS 0x00000000a0600000| PB 0x00000000a0600000| Untracked 
| 518|0x00000000a0600000, 0x00000000a0700000, 0x00000000a0700000|100%| O|  |TAMS 0x00000000a0700000| PB 0x00000000a0700000| Untracked 
| 519|0x00000000a0700000, 0x00000000a0800000, 0x00000000a0800000|100%| O|  |TAMS 0x00000000a0800000| PB 0x00000000a0800000| Untracked 
| 520|0x00000000a0800000, 0x00000000a0900000, 0x00000000a0900000|100%| O|  |TAMS 0x00000000a0900000| PB 0x00000000a0900000| Untracked 
| 521|0x00000000a0900000, 0x00000000a0a00000, 0x00000000a0a00000|100%| O|  |TAMS 0x00000000a0a00000| PB 0x00000000a0a00000| Untracked 
| 522|0x00000000a0a00000, 0x00000000a0a00000, 0x00000000a0b00000|  0%| F|  |TAMS 0x00000000a0a00000| PB 0x00000000a0a00000| Untracked 
| 523|0x00000000a0b00000, 0x00000000a0b00000, 0x00000000a0c00000|  0%| F|  |TAMS 0x00000000a0b00000| PB 0x00000000a0b00000| Untracked 
| 524|0x00000000a0c00000, 0x00000000a0c00000, 0x00000000a0d00000|  0%| F|  |TAMS 0x00000000a0c00000| PB 0x00000000a0c00000| Untracked 
| 525|0x00000000a0d00000, 0x00000000a0e00000, 0x00000000a0e00000|100%| O|  |TAMS 0x00000000a0e00000| PB 0x00000000a0e00000| Untracked 
| 526|0x00000000a0e00000, 0x00000000a0f00000, 0x00000000a0f00000|100%| O|  |TAMS 0x00000000a0f00000| PB 0x00000000a0f00000| Untracked 
| 527|0x00000000a0f00000, 0x00000000a1000000, 0x00000000a1000000|100%| O|  |TAMS 0x00000000a1000000| PB 0x00000000a1000000| Untracked 
| 528|0x00000000a1000000, 0x00000000a1000000, 0x00000000a1100000|  0%| F|  |TAMS 0x00000000a1000000| PB 0x00000000a1000000| Untracked 
| 529|0x00000000a1100000, 0x00000000a1100000, 0x00000000a1200000|  0%| F|  |TAMS 0x00000000a1100000| PB 0x00000000a1100000| Untracked 
| 530|0x00000000a1200000, 0x00000000a1300000, 0x00000000a1300000|100%| O|  |TAMS 0x00000000a1300000| PB 0x00000000a1300000| Untracked 
| 531|0x00000000a1300000, 0x00000000a1400000, 0x00000000a1400000|100%| O|  |TAMS 0x00000000a1400000| PB 0x00000000a1400000| Untracked 
| 532|0x00000000a1400000, 0x00000000a1500000, 0x00000000a1500000|100%| O|  |TAMS 0x00000000a1500000| PB 0x00000000a1500000| Updating 
| 533|0x00000000a1500000, 0x00000000a1500000, 0x00000000a1600000|  0%| F|  |TAMS 0x00000000a1500000| PB 0x00000000a1500000| Untracked 
| 534|0x00000000a1600000, 0x00000000a1600000, 0x00000000a1700000|  0%| F|  |TAMS 0x00000000a1600000| PB 0x00000000a1600000| Untracked 
| 535|0x00000000a1700000, 0x00000000a1800000, 0x00000000a1800000|100%| O|  |TAMS 0x00000000a1800000| PB 0x00000000a1800000| Updating 
| 536|0x00000000a1800000, 0x00000000a1800000, 0x00000000a1900000|  0%| F|  |TAMS 0x00000000a1800000| PB 0x00000000a1800000| Untracked 
| 537|0x00000000a1900000, 0x00000000a1900000, 0x00000000a1a00000|  0%| F|  |TAMS 0x00000000a1900000| PB 0x00000000a1900000| Untracked 
| 538|0x00000000a1a00000, 0x00000000a1a00000, 0x00000000a1b00000|  0%| F|  |TAMS 0x00000000a1a00000| PB 0x00000000a1a00000| Untracked 
| 539|0x00000000a1b00000, 0x00000000a1b00000, 0x00000000a1c00000|  0%| F|  |TAMS 0x00000000a1b00000| PB 0x00000000a1b00000| Untracked 
| 540|0x00000000a1c00000, 0x00000000a1c00000, 0x00000000a1d00000|  0%| F|  |TAMS 0x00000000a1c00000| PB 0x00000000a1c00000| Untracked 
| 541|0x00000000a1d00000, 0x00000000a1d00000, 0x00000000a1e00000|  0%| F|  |TAMS 0x00000000a1d00000| PB 0x00000000a1d00000| Untracked 
| 542|0x00000000a1e00000, 0x00000000a1f00000, 0x00000000a1f00000|100%|HS|  |TAMS 0x00000000a1e00000| PB 0x00000000a1e00000| Complete 
| 543|0x00000000a1f00000, 0x00000000a1f00000, 0x00000000a2000000|  0%| F|  |TAMS 0x00000000a1f00000| PB 0x00000000a1f00000| Untracked 
| 544|0x00000000a2000000, 0x00000000a2000000, 0x00000000a2100000|  0%| F|  |TAMS 0x00000000a2000000| PB 0x00000000a2000000| Untracked 
| 545|0x00000000a2100000, 0x00000000a2100000, 0x00000000a2200000|  0%| F|  |TAMS 0x00000000a2100000| PB 0x00000000a2100000| Untracked 
| 546|0x00000000a2200000, 0x00000000a2200000, 0x00000000a2300000|  0%| F|  |TAMS 0x00000000a2200000| PB 0x00000000a2200000| Untracked 
| 547|0x00000000a2300000, 0x00000000a2400000, 0x00000000a2400000|100%|HS|  |TAMS 0x00000000a2300000| PB 0x00000000a2300000| Complete 
| 548|0x00000000a2400000, 0x00000000a2500000, 0x00000000a2500000|100%|HS|  |TAMS 0x00000000a2400000| PB 0x00000000a2400000| Complete 
| 549|0x00000000a2500000, 0x00000000a2600000, 0x00000000a2600000|100%| O|  |TAMS 0x00000000a2500000| PB 0x00000000a2500000| Untracked 
| 550|0x00000000a2600000, 0x00000000a2700000, 0x00000000a2700000|100%| O|  |TAMS 0x00000000a2600000| PB 0x00000000a2600000| Untracked 
| 551|0x00000000a2700000, 0x00000000a2800000, 0x00000000a2800000|100%| O|  |TAMS 0x00000000a2700000| PB 0x00000000a2700000| Untracked 
| 552|0x00000000a2800000, 0x00000000a2900000, 0x00000000a2900000|100%| O|  |TAMS 0x00000000a2800000| PB 0x00000000a2800000| Untracked 
| 553|0x00000000a2900000, 0x00000000a2900000, 0x00000000a2a00000|  0%| F|  |TAMS 0x00000000a2900000| PB 0x00000000a2900000| Untracked 
| 554|0x00000000a2a00000, 0x00000000a2a00000, 0x00000000a2b00000|  0%| F|  |TAMS 0x00000000a2a00000| PB 0x00000000a2a00000| Untracked 
| 555|0x00000000a2b00000, 0x00000000a2b00000, 0x00000000a2c00000|  0%| F|  |TAMS 0x00000000a2b00000| PB 0x00000000a2b00000| Untracked 
| 556|0x00000000a2c00000, 0x00000000a2c00000, 0x00000000a2d00000|  0%| F|  |TAMS 0x00000000a2c00000| PB 0x00000000a2c00000| Untracked 
| 557|0x00000000a2d00000, 0x00000000a2d00000, 0x00000000a2e00000|  0%| F|  |TAMS 0x00000000a2d00000| PB 0x00000000a2d00000| Untracked 
| 558|0x00000000a2e00000, 0x00000000a2e00000, 0x00000000a2f00000|  0%| F|  |TAMS 0x00000000a2e00000| PB 0x00000000a2e00000| Untracked 
| 559|0x00000000a2f00000, 0x00000000a3000000, 0x00000000a3000000|100%| O|  |TAMS 0x00000000a3000000| PB 0x00000000a3000000| Untracked 
| 560|0x00000000a3000000, 0x00000000a3100000, 0x00000000a3100000|100%| O|  |TAMS 0x00000000a3100000| PB 0x00000000a3100000| Untracked 
| 561|0x00000000a3100000, 0x00000000a3200000, 0x00000000a3200000|100%| O|  |TAMS 0x00000000a3200000| PB 0x00000000a3200000| Updating 
| 562|0x00000000a3200000, 0x00000000a3300000, 0x00000000a3300000|100%| O|  |TAMS 0x00000000a3300000| PB 0x00000000a3300000| Updating 
| 563|0x00000000a3300000, 0x00000000a3400000, 0x00000000a3400000|100%| O|  |TAMS 0x00000000a3400000| PB 0x00000000a3400000| Updating 
| 564|0x00000000a3400000, 0x00000000a3500000, 0x00000000a3500000|100%| O|  |TAMS 0x00000000a3500000| PB 0x00000000a3500000| Updating 
| 565|0x00000000a3500000, 0x00000000a3600000, 0x00000000a3600000|100%| O|  |TAMS 0x00000000a3600000| PB 0x00000000a3600000| Updating 
| 566|0x00000000a3600000, 0x00000000a3700000, 0x00000000a3700000|100%| O|  |TAMS 0x00000000a3700000| PB 0x00000000a3700000| Updating 
| 567|0x00000000a3700000, 0x00000000a3700000, 0x00000000a3800000|  0%| F|  |TAMS 0x00000000a3700000| PB 0x00000000a3700000| Untracked 
| 568|0x00000000a3800000, 0x00000000a3900000, 0x00000000a3900000|100%| O|  |TAMS 0x00000000a3900000| PB 0x00000000a3900000| Updating 
| 569|0x00000000a3900000, 0x00000000a3a00000, 0x00000000a3a00000|100%| O|  |TAMS 0x00000000a3a00000| PB 0x00000000a3a00000| Updating 
| 570|0x00000000a3a00000, 0x00000000a3a00000, 0x00000000a3b00000|  0%| F|  |TAMS 0x00000000a3a00000| PB 0x00000000a3a00000| Untracked 
| 571|0x00000000a3b00000, 0x00000000a3c00000, 0x00000000a3c00000|100%| O|  |TAMS 0x00000000a3c00000| PB 0x00000000a3c00000| Updating 
| 572|0x00000000a3c00000, 0x00000000a3d00000, 0x00000000a3d00000|100%| O|  |TAMS 0x00000000a3d00000| PB 0x00000000a3d00000| Updating 
| 573|0x00000000a3d00000, 0x00000000a3e00000, 0x00000000a3e00000|100%| O|  |TAMS 0x00000000a3e00000| PB 0x00000000a3e00000| Updating 
| 574|0x00000000a3e00000, 0x00000000a3f00000, 0x00000000a3f00000|100%| O|  |TAMS 0x00000000a3f00000| PB 0x00000000a3f00000| Updating 
| 575|0x00000000a3f00000, 0x00000000a4000000, 0x00000000a4000000|100%| O|  |TAMS 0x00000000a4000000| PB 0x00000000a4000000| Updating 
| 576|0x00000000a4000000, 0x00000000a4100000, 0x00000000a4100000|100%| O|  |TAMS 0x00000000a4000000| PB 0x00000000a4000000| Untracked 
| 577|0x00000000a4100000, 0x00000000a4200000, 0x00000000a4200000|100%| O|  |TAMS 0x00000000a4100000| PB 0x00000000a4100000| Untracked 
| 578|0x00000000a4200000, 0x00000000a4300000, 0x00000000a4300000|100%| O|  |TAMS 0x00000000a4200000| PB 0x00000000a4200000| Untracked 
| 579|0x00000000a4300000, 0x00000000a4400000, 0x00000000a4400000|100%| O|  |TAMS 0x00000000a4300000| PB 0x00000000a4300000| Untracked 
| 580|0x00000000a4400000, 0x00000000a4500000, 0x00000000a4500000|100%| O|  |TAMS 0x00000000a4400000| PB 0x00000000a4400000| Untracked 
| 581|0x00000000a4500000, 0x00000000a4600000, 0x00000000a4600000|100%| O|  |TAMS 0x00000000a4500000| PB 0x00000000a4500000| Untracked 
| 582|0x00000000a4600000, 0x00000000a4700000, 0x00000000a4700000|100%| O|  |TAMS 0x00000000a4600000| PB 0x00000000a4600000| Untracked 
| 583|0x00000000a4700000, 0x00000000a4800000, 0x00000000a4800000|100%| O|  |TAMS 0x00000000a4700000| PB 0x00000000a4700000| Untracked 
| 584|0x00000000a4800000, 0x00000000a4900000, 0x00000000a4900000|100%| O|  |TAMS 0x00000000a4800000| PB 0x00000000a4800000| Untracked 
| 585|0x00000000a4900000, 0x00000000a4a00000, 0x00000000a4a00000|100%| O|  |TAMS 0x00000000a4900000| PB 0x00000000a4900000| Untracked 
| 586|0x00000000a4a00000, 0x00000000a4b00000, 0x00000000a4b00000|100%| O|  |TAMS 0x00000000a4a00000| PB 0x00000000a4a00000| Untracked 
| 587|0x00000000a4b00000, 0x00000000a4c00000, 0x00000000a4c00000|100%| O|  |TAMS 0x00000000a4b00000| PB 0x00000000a4b00000| Untracked 
| 588|0x00000000a4c00000, 0x00000000a4d00000, 0x00000000a4d00000|100%| O|  |TAMS 0x00000000a4c00000| PB 0x00000000a4c00000| Untracked 
| 589|0x00000000a4d00000, 0x00000000a4e00000, 0x00000000a4e00000|100%| O|  |TAMS 0x00000000a4d00000| PB 0x00000000a4d00000| Untracked 
| 590|0x00000000a4e00000, 0x00000000a4f00000, 0x00000000a4f00000|100%| O|  |TAMS 0x00000000a4e00000| PB 0x00000000a4e00000| Untracked 
| 591|0x00000000a4f00000, 0x00000000a5000000, 0x00000000a5000000|100%| O|  |TAMS 0x00000000a4f00000| PB 0x00000000a4f00000| Untracked 
| 592|0x00000000a5000000, 0x00000000a5100000, 0x00000000a5100000|100%| O|  |TAMS 0x00000000a5000000| PB 0x00000000a5000000| Untracked 
| 593|0x00000000a5100000, 0x00000000a5200000, 0x00000000a5200000|100%| O|  |TAMS 0x00000000a5100000| PB 0x00000000a5100000| Untracked 
| 594|0x00000000a5200000, 0x00000000a5300000, 0x00000000a5300000|100%| O|  |TAMS 0x00000000a5200000| PB 0x00000000a5200000| Untracked 
| 595|0x00000000a5300000, 0x00000000a5400000, 0x00000000a5400000|100%| O|  |TAMS 0x00000000a5300000| PB 0x00000000a5300000| Untracked 
| 596|0x00000000a5400000, 0x00000000a5500000, 0x00000000a5500000|100%| O|  |TAMS 0x00000000a5400000| PB 0x00000000a5400000| Untracked 
| 597|0x00000000a5500000, 0x00000000a5600000, 0x00000000a5600000|100%| O|  |TAMS 0x00000000a5500000| PB 0x00000000a5500000| Untracked 
| 598|0x00000000a5600000, 0x00000000a5700000, 0x00000000a5700000|100%| O|  |TAMS 0x00000000a5600000| PB 0x00000000a5600000| Untracked 
| 599|0x00000000a5700000, 0x00000000a5800000, 0x00000000a5800000|100%| O|  |TAMS 0x00000000a5700000| PB 0x00000000a5700000| Untracked 
| 600|0x00000000a5800000, 0x00000000a5900000, 0x00000000a5900000|100%| O|  |TAMS 0x00000000a5800000| PB 0x00000000a5800000| Untracked 
| 601|0x00000000a5900000, 0x00000000a5a00000, 0x00000000a5a00000|100%| O|  |TAMS 0x00000000a5900000| PB 0x00000000a5900000| Untracked 
| 602|0x00000000a5a00000, 0x00000000a5b00000, 0x00000000a5b00000|100%| O|  |TAMS 0x00000000a5a00000| PB 0x00000000a5a00000| Untracked 
| 603|0x00000000a5b00000, 0x00000000a5c00000, 0x00000000a5c00000|100%| O|  |TAMS 0x00000000a5b00000| PB 0x00000000a5b00000| Untracked 
| 604|0x00000000a5c00000, 0x00000000a5d00000, 0x00000000a5d00000|100%| O|  |TAMS 0x00000000a5c00000| PB 0x00000000a5c00000| Untracked 
| 605|0x00000000a5d00000, 0x00000000a5e00000, 0x00000000a5e00000|100%| O|  |TAMS 0x00000000a5d00000| PB 0x00000000a5d00000| Untracked 
| 606|0x00000000a5e00000, 0x00000000a5f00000, 0x00000000a5f00000|100%| O|  |TAMS 0x00000000a5e00000| PB 0x00000000a5e00000| Untracked 
| 607|0x00000000a5f00000, 0x00000000a6000000, 0x00000000a6000000|100%| O|  |TAMS 0x00000000a5f00000| PB 0x00000000a5f00000| Untracked 
| 608|0x00000000a6000000, 0x00000000a6100000, 0x00000000a6100000|100%| O|  |TAMS 0x00000000a6000000| PB 0x00000000a6000000| Untracked 
| 609|0x00000000a6100000, 0x00000000a6200000, 0x00000000a6200000|100%| O|  |TAMS 0x00000000a6100000| PB 0x00000000a6100000| Untracked 
| 610|0x00000000a6200000, 0x00000000a6300000, 0x00000000a6300000|100%| O|  |TAMS 0x00000000a6200000| PB 0x00000000a6200000| Untracked 
| 611|0x00000000a6300000, 0x00000000a6400000, 0x00000000a6400000|100%| O|  |TAMS 0x00000000a6300000| PB 0x00000000a6300000| Untracked 
| 612|0x00000000a6400000, 0x00000000a6500000, 0x00000000a6500000|100%| O|  |TAMS 0x00000000a6400000| PB 0x00000000a6400000| Untracked 
| 613|0x00000000a6500000, 0x00000000a6600000, 0x00000000a6600000|100%| O|  |TAMS 0x00000000a6500000| PB 0x00000000a6500000| Untracked 
| 614|0x00000000a6600000, 0x00000000a6700000, 0x00000000a6700000|100%| O|  |TAMS 0x00000000a6600000| PB 0x00000000a6600000| Untracked 
| 615|0x00000000a6700000, 0x00000000a6800000, 0x00000000a6800000|100%| O|  |TAMS 0x00000000a6700000| PB 0x00000000a6700000| Untracked 
| 616|0x00000000a6800000, 0x00000000a6900000, 0x00000000a6900000|100%| O|  |TAMS 0x00000000a6800000| PB 0x00000000a6800000| Untracked 
| 617|0x00000000a6900000, 0x00000000a6a00000, 0x00000000a6a00000|100%| O|  |TAMS 0x00000000a6900000| PB 0x00000000a6900000| Untracked 
| 618|0x00000000a6a00000, 0x00000000a6b00000, 0x00000000a6b00000|100%| O|  |TAMS 0x00000000a6a00000| PB 0x00000000a6a00000| Untracked 
| 619|0x00000000a6b00000, 0x00000000a6c00000, 0x00000000a6c00000|100%| O|  |TAMS 0x00000000a6b00000| PB 0x00000000a6b00000| Untracked 
| 620|0x00000000a6c00000, 0x00000000a6d00000, 0x00000000a6d00000|100%| O|  |TAMS 0x00000000a6c00000| PB 0x00000000a6c00000| Untracked 
| 621|0x00000000a6d00000, 0x00000000a6e00000, 0x00000000a6e00000|100%| O|  |TAMS 0x00000000a6d00000| PB 0x00000000a6d00000| Untracked 
| 622|0x00000000a6e00000, 0x00000000a6f00000, 0x00000000a6f00000|100%| O|  |TAMS 0x00000000a6e00000| PB 0x00000000a6e00000| Untracked 
| 623|0x00000000a6f00000, 0x00000000a7000000, 0x00000000a7000000|100%| O|  |TAMS 0x00000000a6f00000| PB 0x00000000a6f00000| Untracked 
| 624|0x00000000a7000000, 0x00000000a7100000, 0x00000000a7100000|100%| O|  |TAMS 0x00000000a7000000| PB 0x00000000a7000000| Untracked 
| 625|0x00000000a7100000, 0x00000000a7200000, 0x00000000a7200000|100%| O|  |TAMS 0x00000000a7100000| PB 0x00000000a7100000| Untracked 
| 626|0x00000000a7200000, 0x00000000a7300000, 0x00000000a7300000|100%| O|  |TAMS 0x00000000a7200000| PB 0x00000000a7200000| Untracked 
| 627|0x00000000a7300000, 0x00000000a7400000, 0x00000000a7400000|100%| O|  |TAMS 0x00000000a7300000| PB 0x00000000a7300000| Untracked 
| 628|0x00000000a7400000, 0x00000000a7500000, 0x00000000a7500000|100%| O|  |TAMS 0x00000000a7400000| PB 0x00000000a7400000| Untracked 
| 629|0x00000000a7500000, 0x00000000a7600000, 0x00000000a7600000|100%| O|  |TAMS 0x00000000a7500000| PB 0x00000000a7500000| Untracked 
| 630|0x00000000a7600000, 0x00000000a7700000, 0x00000000a7700000|100%| O|  |TAMS 0x00000000a7600000| PB 0x00000000a7600000| Untracked 
| 631|0x00000000a7700000, 0x00000000a7800000, 0x00000000a7800000|100%| O|  |TAMS 0x00000000a7700000| PB 0x00000000a7700000| Untracked 
| 632|0x00000000a7800000, 0x00000000a7900000, 0x00000000a7900000|100%| O|  |TAMS 0x00000000a7800000| PB 0x00000000a7800000| Untracked 
| 633|0x00000000a7900000, 0x00000000a7a00000, 0x00000000a7a00000|100%| O|  |TAMS 0x00000000a7900000| PB 0x00000000a7900000| Untracked 
| 634|0x00000000a7a00000, 0x00000000a7b00000, 0x00000000a7b00000|100%| O|  |TAMS 0x00000000a7a00000| PB 0x00000000a7a00000| Untracked 
| 635|0x00000000a7b00000, 0x00000000a7c00000, 0x00000000a7c00000|100%| O|  |TAMS 0x00000000a7b00000| PB 0x00000000a7b00000| Untracked 
| 636|0x00000000a7c00000, 0x00000000a7d00000, 0x00000000a7d00000|100%| O|  |TAMS 0x00000000a7c00000| PB 0x00000000a7c00000| Untracked 
| 637|0x00000000a7d00000, 0x00000000a7e00000, 0x00000000a7e00000|100%| O|  |TAMS 0x00000000a7d00000| PB 0x00000000a7d00000| Untracked 
| 638|0x00000000a7e00000, 0x00000000a7f00000, 0x00000000a7f00000|100%| O|  |TAMS 0x00000000a7e00000| PB 0x00000000a7e00000| Untracked 
| 639|0x00000000a7f00000, 0x00000000a8000000, 0x00000000a8000000|100%| O|  |TAMS 0x00000000a7f00000| PB 0x00000000a7f00000| Untracked 
| 640|0x00000000a8000000, 0x00000000a8100000, 0x00000000a8100000|100%| O|  |TAMS 0x00000000a8000000| PB 0x00000000a8000000| Untracked 
| 641|0x00000000a8100000, 0x00000000a8200000, 0x00000000a8200000|100%| O|  |TAMS 0x00000000a8100000| PB 0x00000000a8100000| Untracked 
| 642|0x00000000a8200000, 0x00000000a8200000, 0x00000000a8300000|  0%| F|  |TAMS 0x00000000a8200000| PB 0x00000000a8200000| Untracked 
| 643|0x00000000a8300000, 0x00000000a8300000, 0x00000000a8400000|  0%| F|  |TAMS 0x00000000a8300000| PB 0x00000000a8300000| Untracked 
| 644|0x00000000a8400000, 0x00000000a8400000, 0x00000000a8500000|  0%| F|  |TAMS 0x00000000a8400000| PB 0x00000000a8400000| Untracked 
| 645|0x00000000a8500000, 0x00000000a8500000, 0x00000000a8600000|  0%| F|  |TAMS 0x00000000a8500000| PB 0x00000000a8500000| Untracked 
| 646|0x00000000a8600000, 0x00000000a8600000, 0x00000000a8700000|  0%| F|  |TAMS 0x00000000a8600000| PB 0x00000000a8600000| Untracked 
| 647|0x00000000a8700000, 0x00000000a8700000, 0x00000000a8800000|  0%| F|  |TAMS 0x00000000a8700000| PB 0x00000000a8700000| Untracked 
| 648|0x00000000a8800000, 0x00000000a8800000, 0x00000000a8900000|  0%| F|  |TAMS 0x00000000a8800000| PB 0x00000000a8800000| Untracked 
| 649|0x00000000a8900000, 0x00000000a8900000, 0x00000000a8a00000|  0%| F|  |TAMS 0x00000000a8900000| PB 0x00000000a8900000| Untracked 
| 650|0x00000000a8a00000, 0x00000000a8a00000, 0x00000000a8b00000|  0%| F|  |TAMS 0x00000000a8a00000| PB 0x00000000a8a00000| Untracked 
| 651|0x00000000a8b00000, 0x00000000a8b00000, 0x00000000a8c00000|  0%| F|  |TAMS 0x00000000a8b00000| PB 0x00000000a8b00000| Untracked 
| 652|0x00000000a8c00000, 0x00000000a8c00000, 0x00000000a8d00000|  0%| F|  |TAMS 0x00000000a8c00000| PB 0x00000000a8c00000| Untracked 
| 653|0x00000000a8d00000, 0x00000000a8d00000, 0x00000000a8e00000|  0%| F|  |TAMS 0x00000000a8d00000| PB 0x00000000a8d00000| Untracked 
| 654|0x00000000a8e00000, 0x00000000a8e00000, 0x00000000a8f00000|  0%| F|  |TAMS 0x00000000a8e00000| PB 0x00000000a8e00000| Untracked 
| 655|0x00000000a8f00000, 0x00000000a8f00000, 0x00000000a9000000|  0%| F|  |TAMS 0x00000000a8f00000| PB 0x00000000a8f00000| Untracked 
| 656|0x00000000a9000000, 0x00000000a9000000, 0x00000000a9100000|  0%| F|  |TAMS 0x00000000a9000000| PB 0x00000000a9000000| Untracked 
| 657|0x00000000a9100000, 0x00000000a9100000, 0x00000000a9200000|  0%| F|  |TAMS 0x00000000a9100000| PB 0x00000000a9100000| Untracked 
| 658|0x00000000a9200000, 0x00000000a9200000, 0x00000000a9300000|  0%| F|  |TAMS 0x00000000a9200000| PB 0x00000000a9200000| Untracked 
| 659|0x00000000a9300000, 0x00000000a9300000, 0x00000000a9400000|  0%| F|  |TAMS 0x00000000a9300000| PB 0x00000000a9300000| Untracked 
| 660|0x00000000a9400000, 0x00000000a9400000, 0x00000000a9500000|  0%| F|  |TAMS 0x00000000a9400000| PB 0x00000000a9400000| Untracked 
| 661|0x00000000a9500000, 0x00000000a9500000, 0x00000000a9600000|  0%| F|  |TAMS 0x00000000a9500000| PB 0x00000000a9500000| Untracked 
| 662|0x00000000a9600000, 0x00000000a9600000, 0x00000000a9700000|  0%| F|  |TAMS 0x00000000a9600000| PB 0x00000000a9600000| Untracked 
| 663|0x00000000a9700000, 0x00000000a9700000, 0x00000000a9800000|  0%| F|  |TAMS 0x00000000a9700000| PB 0x00000000a9700000| Untracked 
| 664|0x00000000a9800000, 0x00000000a9800000, 0x00000000a9900000|  0%| F|  |TAMS 0x00000000a9800000| PB 0x00000000a9800000| Untracked 
| 665|0x00000000a9900000, 0x00000000a9900000, 0x00000000a9a00000|  0%| F|  |TAMS 0x00000000a9900000| PB 0x00000000a9900000| Untracked 
| 666|0x00000000a9a00000, 0x00000000a9a00000, 0x00000000a9b00000|  0%| F|  |TAMS 0x00000000a9a00000| PB 0x00000000a9a00000| Untracked 
| 667|0x00000000a9b00000, 0x00000000a9b00000, 0x00000000a9c00000|  0%| F|  |TAMS 0x00000000a9b00000| PB 0x00000000a9b00000| Untracked 
| 668|0x00000000a9c00000, 0x00000000a9c00000, 0x00000000a9d00000|  0%| F|  |TAMS 0x00000000a9c00000| PB 0x00000000a9c00000| Untracked 
| 669|0x00000000a9d00000, 0x00000000a9d00000, 0x00000000a9e00000|  0%| F|  |TAMS 0x00000000a9d00000| PB 0x00000000a9d00000| Untracked 
| 670|0x00000000a9e00000, 0x00000000a9e00000, 0x00000000a9f00000|  0%| F|  |TAMS 0x00000000a9e00000| PB 0x00000000a9e00000| Untracked 
| 671|0x00000000a9f00000, 0x00000000a9f00000, 0x00000000aa000000|  0%| F|  |TAMS 0x00000000a9f00000| PB 0x00000000a9f00000| Untracked 
| 672|0x00000000aa000000, 0x00000000aa000000, 0x00000000aa100000|  0%| F|  |TAMS 0x00000000aa000000| PB 0x00000000aa000000| Untracked 
| 673|0x00000000aa100000, 0x00000000aa100000, 0x00000000aa200000|  0%| F|  |TAMS 0x00000000aa100000| PB 0x00000000aa100000| Untracked 
| 674|0x00000000aa200000, 0x00000000aa200000, 0x00000000aa300000|  0%| F|  |TAMS 0x00000000aa200000| PB 0x00000000aa200000| Untracked 
| 675|0x00000000aa300000, 0x00000000aa300000, 0x00000000aa400000|  0%| F|  |TAMS 0x00000000aa300000| PB 0x00000000aa300000| Untracked 
| 676|0x00000000aa400000, 0x00000000aa400000, 0x00000000aa500000|  0%| F|  |TAMS 0x00000000aa400000| PB 0x00000000aa400000| Untracked 
| 677|0x00000000aa500000, 0x00000000aa500000, 0x00000000aa600000|  0%| F|  |TAMS 0x00000000aa500000| PB 0x00000000aa500000| Untracked 
| 678|0x00000000aa600000, 0x00000000aa600000, 0x00000000aa700000|  0%| F|  |TAMS 0x00000000aa600000| PB 0x00000000aa600000| Untracked 
| 679|0x00000000aa700000, 0x00000000aa700000, 0x00000000aa800000|  0%| F|  |TAMS 0x00000000aa700000| PB 0x00000000aa700000| Untracked 
| 680|0x00000000aa800000, 0x00000000aa800000, 0x00000000aa900000|  0%| F|  |TAMS 0x00000000aa800000| PB 0x00000000aa800000| Untracked 
| 681|0x00000000aa900000, 0x00000000aa900000, 0x00000000aaa00000|  0%| F|  |TAMS 0x00000000aa900000| PB 0x00000000aa900000| Untracked 
| 682|0x00000000aaa00000, 0x00000000aaa00000, 0x00000000aab00000|  0%| F|  |TAMS 0x00000000aaa00000| PB 0x00000000aaa00000| Untracked 
| 683|0x00000000aab00000, 0x00000000aab00000, 0x00000000aac00000|  0%| F|  |TAMS 0x00000000aab00000| PB 0x00000000aab00000| Untracked 
| 684|0x00000000aac00000, 0x00000000aac00000, 0x00000000aad00000|  0%| F|  |TAMS 0x00000000aac00000| PB 0x00000000aac00000| Untracked 
| 685|0x00000000aad00000, 0x00000000aad00000, 0x00000000aae00000|  0%| F|  |TAMS 0x00000000aad00000| PB 0x00000000aad00000| Untracked 
| 686|0x00000000aae00000, 0x00000000aae00000, 0x00000000aaf00000|  0%| F|  |TAMS 0x00000000aae00000| PB 0x00000000aae00000| Untracked 
| 687|0x00000000aaf00000, 0x00000000aaf00000, 0x00000000ab000000|  0%| F|  |TAMS 0x00000000aaf00000| PB 0x00000000aaf00000| Untracked 
| 688|0x00000000ab000000, 0x00000000ab000000, 0x00000000ab100000|  0%| F|  |TAMS 0x00000000ab000000| PB 0x00000000ab000000| Untracked 
| 689|0x00000000ab100000, 0x00000000ab100000, 0x00000000ab200000|  0%| F|  |TAMS 0x00000000ab100000| PB 0x00000000ab100000| Untracked 
| 690|0x00000000ab200000, 0x00000000ab200000, 0x00000000ab300000|  0%| F|  |TAMS 0x00000000ab200000| PB 0x00000000ab200000| Untracked 
| 691|0x00000000ab300000, 0x00000000ab300000, 0x00000000ab400000|  0%| F|  |TAMS 0x00000000ab300000| PB 0x00000000ab300000| Untracked 
| 692|0x00000000ab400000, 0x00000000ab400000, 0x00000000ab500000|  0%| F|  |TAMS 0x00000000ab400000| PB 0x00000000ab400000| Untracked 
| 693|0x00000000ab500000, 0x00000000ab500000, 0x00000000ab600000|  0%| F|  |TAMS 0x00000000ab500000| PB 0x00000000ab500000| Untracked 
| 694|0x00000000ab600000, 0x00000000ab600000, 0x00000000ab700000|  0%| F|  |TAMS 0x00000000ab600000| PB 0x00000000ab600000| Untracked 
| 695|0x00000000ab700000, 0x00000000ab700000, 0x00000000ab800000|  0%| F|  |TAMS 0x00000000ab700000| PB 0x00000000ab700000| Untracked 
| 696|0x00000000ab800000, 0x00000000ab800000, 0x00000000ab900000|  0%| F|  |TAMS 0x00000000ab800000| PB 0x00000000ab800000| Untracked 
| 697|0x00000000ab900000, 0x00000000ab900000, 0x00000000aba00000|  0%| F|  |TAMS 0x00000000ab900000| PB 0x00000000ab900000| Untracked 
| 698|0x00000000aba00000, 0x00000000aba00000, 0x00000000abb00000|  0%| F|  |TAMS 0x00000000aba00000| PB 0x00000000aba00000| Untracked 
| 699|0x00000000abb00000, 0x00000000abb00000, 0x00000000abc00000|  0%| F|  |TAMS 0x00000000abb00000| PB 0x00000000abb00000| Untracked 
| 700|0x00000000abc00000, 0x00000000abc00000, 0x00000000abd00000|  0%| F|  |TAMS 0x00000000abc00000| PB 0x00000000abc00000| Untracked 
| 701|0x00000000abd00000, 0x00000000abd00000, 0x00000000abe00000|  0%| F|  |TAMS 0x00000000abd00000| PB 0x00000000abd00000| Untracked 
| 702|0x00000000abe00000, 0x00000000abe00000, 0x00000000abf00000|  0%| F|  |TAMS 0x00000000abe00000| PB 0x00000000abe00000| Untracked 
| 703|0x00000000abf00000, 0x00000000abf00000, 0x00000000ac000000|  0%| F|  |TAMS 0x00000000abf00000| PB 0x00000000abf00000| Untracked 
| 704|0x00000000ac000000, 0x00000000ac000000, 0x00000000ac100000|  0%| F|  |TAMS 0x00000000ac000000| PB 0x00000000ac000000| Untracked 
| 705|0x00000000ac100000, 0x00000000ac100000, 0x00000000ac200000|  0%| F|  |TAMS 0x00000000ac100000| PB 0x00000000ac100000| Untracked 
| 706|0x00000000ac200000, 0x00000000ac200000, 0x00000000ac300000|  0%| F|  |TAMS 0x00000000ac200000| PB 0x00000000ac200000| Untracked 
| 707|0x00000000ac300000, 0x00000000ac300000, 0x00000000ac400000|  0%| F|  |TAMS 0x00000000ac300000| PB 0x00000000ac300000| Untracked 
| 708|0x00000000ac400000, 0x00000000ac400000, 0x00000000ac500000|  0%| F|  |TAMS 0x00000000ac400000| PB 0x00000000ac400000| Untracked 
| 709|0x00000000ac500000, 0x00000000ac500000, 0x00000000ac600000|  0%| F|  |TAMS 0x00000000ac500000| PB 0x00000000ac500000| Untracked 
| 710|0x00000000ac600000, 0x00000000ac600000, 0x00000000ac700000|  0%| F|  |TAMS 0x00000000ac600000| PB 0x00000000ac600000| Untracked 
| 711|0x00000000ac700000, 0x00000000ac700000, 0x00000000ac800000|  0%| F|  |TAMS 0x00000000ac700000| PB 0x00000000ac700000| Untracked 
| 712|0x00000000ac800000, 0x00000000ac800000, 0x00000000ac900000|  0%| F|  |TAMS 0x00000000ac800000| PB 0x00000000ac800000| Untracked 
| 713|0x00000000ac900000, 0x00000000ac900000, 0x00000000aca00000|  0%| F|  |TAMS 0x00000000ac900000| PB 0x00000000ac900000| Untracked 
| 714|0x00000000aca00000, 0x00000000aca00000, 0x00000000acb00000|  0%| F|  |TAMS 0x00000000aca00000| PB 0x00000000aca00000| Untracked 
| 715|0x00000000acb00000, 0x00000000acb00000, 0x00000000acc00000|  0%| F|  |TAMS 0x00000000acb00000| PB 0x00000000acb00000| Untracked 
| 716|0x00000000acc00000, 0x00000000acc00000, 0x00000000acd00000|  0%| F|  |TAMS 0x00000000acc00000| PB 0x00000000acc00000| Untracked 
| 717|0x00000000acd00000, 0x00000000acd00000, 0x00000000ace00000|  0%| F|  |TAMS 0x00000000acd00000| PB 0x00000000acd00000| Untracked 
| 718|0x00000000ace00000, 0x00000000ace00000, 0x00000000acf00000|  0%| F|  |TAMS 0x00000000ace00000| PB 0x00000000ace00000| Untracked 
| 719|0x00000000acf00000, 0x00000000acf00000, 0x00000000ad000000|  0%| F|  |TAMS 0x00000000acf00000| PB 0x00000000acf00000| Untracked 
| 720|0x00000000ad000000, 0x00000000ad000000, 0x00000000ad100000|  0%| F|  |TAMS 0x00000000ad000000| PB 0x00000000ad000000| Untracked 
| 721|0x00000000ad100000, 0x00000000ad100000, 0x00000000ad200000|  0%| F|  |TAMS 0x00000000ad100000| PB 0x00000000ad100000| Untracked 
| 722|0x00000000ad200000, 0x00000000ad200000, 0x00000000ad300000|  0%| F|  |TAMS 0x00000000ad200000| PB 0x00000000ad200000| Untracked 
| 723|0x00000000ad300000, 0x00000000ad300000, 0x00000000ad400000|  0%| F|  |TAMS 0x00000000ad300000| PB 0x00000000ad300000| Untracked 
| 724|0x00000000ad400000, 0x00000000ad400000, 0x00000000ad500000|  0%| F|  |TAMS 0x00000000ad400000| PB 0x00000000ad400000| Untracked 
| 725|0x00000000ad500000, 0x00000000ad500000, 0x00000000ad600000|  0%| F|  |TAMS 0x00000000ad500000| PB 0x00000000ad500000| Untracked 
| 726|0x00000000ad600000, 0x00000000ad700000, 0x00000000ad700000|100%| S|CS|TAMS 0x00000000ad600000| PB 0x00000000ad600000| Complete 
| 727|0x00000000ad700000, 0x00000000ad800000, 0x00000000ad800000|100%| S|CS|TAMS 0x00000000ad700000| PB 0x00000000ad700000| Complete 
| 728|0x00000000ad800000, 0x00000000ad900000, 0x00000000ad900000|100%| S|CS|TAMS 0x00000000ad800000| PB 0x00000000ad800000| Complete 
| 729|0x00000000ad900000, 0x00000000ada00000, 0x00000000ada00000|100%| S|CS|TAMS 0x00000000ad900000| PB 0x00000000ad900000| Complete 
| 730|0x00000000ada00000, 0x00000000adb00000, 0x00000000adb00000|100%| S|CS|TAMS 0x00000000ada00000| PB 0x00000000ada00000| Complete 
| 731|0x00000000adb00000, 0x00000000adc00000, 0x00000000adc00000|100%| S|CS|TAMS 0x00000000adb00000| PB 0x00000000adb00000| Complete 
| 732|0x00000000adc00000, 0x00000000adc00000, 0x00000000add00000|  0%| F|  |TAMS 0x00000000adc00000| PB 0x00000000adc00000| Untracked 
| 733|0x00000000add00000, 0x00000000add00000, 0x00000000ade00000|  0%| F|  |TAMS 0x00000000add00000| PB 0x00000000add00000| Untracked 
| 734|0x00000000ade00000, 0x00000000ade00000, 0x00000000adf00000|  0%| F|  |TAMS 0x00000000ade00000| PB 0x00000000ade00000| Untracked 
| 735|0x00000000adf00000, 0x00000000adf00000, 0x00000000ae000000|  0%| F|  |TAMS 0x00000000adf00000| PB 0x00000000adf00000| Untracked 
| 736|0x00000000ae000000, 0x00000000ae000000, 0x00000000ae100000|  0%| F|  |TAMS 0x00000000ae000000| PB 0x00000000ae000000| Untracked 
| 737|0x00000000ae100000, 0x00000000ae100000, 0x00000000ae200000|  0%| F|  |TAMS 0x00000000ae100000| PB 0x00000000ae100000| Untracked 
| 738|0x00000000ae200000, 0x00000000ae200000, 0x00000000ae300000|  0%| F|  |TAMS 0x00000000ae200000| PB 0x00000000ae200000| Untracked 
| 739|0x00000000ae300000, 0x00000000ae300000, 0x00000000ae400000|  0%| F|  |TAMS 0x00000000ae300000| PB 0x00000000ae300000| Untracked 
| 740|0x00000000ae400000, 0x00000000ae400000, 0x00000000ae500000|  0%| F|  |TAMS 0x00000000ae400000| PB 0x00000000ae400000| Untracked 
| 741|0x00000000ae500000, 0x00000000ae500000, 0x00000000ae600000|  0%| F|  |TAMS 0x00000000ae500000| PB 0x00000000ae500000| Untracked 
| 742|0x00000000ae600000, 0x00000000ae600000, 0x00000000ae700000|  0%| F|  |TAMS 0x00000000ae600000| PB 0x00000000ae600000| Untracked 
| 743|0x00000000ae700000, 0x00000000ae700000, 0x00000000ae800000|  0%| F|  |TAMS 0x00000000ae700000| PB 0x00000000ae700000| Untracked 
| 744|0x00000000ae800000, 0x00000000ae800000, 0x00000000ae900000|  0%| F|  |TAMS 0x00000000ae800000| PB 0x00000000ae800000| Untracked 
| 745|0x00000000ae900000, 0x00000000ae900000, 0x00000000aea00000|  0%| F|  |TAMS 0x00000000ae900000| PB 0x00000000ae900000| Untracked 
| 746|0x00000000aea00000, 0x00000000aea00000, 0x00000000aeb00000|  0%| F|  |TAMS 0x00000000aea00000| PB 0x00000000aea00000| Untracked 
| 747|0x00000000aeb00000, 0x00000000aeb00000, 0x00000000aec00000|  0%| F|  |TAMS 0x00000000aeb00000| PB 0x00000000aeb00000| Untracked 
| 748|0x00000000aec00000, 0x00000000aec00000, 0x00000000aed00000|  0%| F|  |TAMS 0x00000000aec00000| PB 0x00000000aec00000| Untracked 
| 749|0x00000000aed00000, 0x00000000aed00000, 0x00000000aee00000|  0%| F|  |TAMS 0x00000000aed00000| PB 0x00000000aed00000| Untracked 
| 750|0x00000000aee00000, 0x00000000aee00000, 0x00000000aef00000|  0%| F|  |TAMS 0x00000000aee00000| PB 0x00000000aee00000| Untracked 
| 751|0x00000000aef00000, 0x00000000aef00000, 0x00000000af000000|  0%| F|  |TAMS 0x00000000aef00000| PB 0x00000000aef00000| Untracked 
| 752|0x00000000af000000, 0x00000000af000000, 0x00000000af100000|  0%| F|  |TAMS 0x00000000af000000| PB 0x00000000af000000| Untracked 
| 753|0x00000000af100000, 0x00000000af100000, 0x00000000af200000|  0%| F|  |TAMS 0x00000000af100000| PB 0x00000000af100000| Untracked 
| 754|0x00000000af200000, 0x00000000af200000, 0x00000000af300000|  0%| F|  |TAMS 0x00000000af200000| PB 0x00000000af200000| Untracked 
| 755|0x00000000af300000, 0x00000000af300000, 0x00000000af400000|  0%| F|  |TAMS 0x00000000af300000| PB 0x00000000af300000| Untracked 
| 756|0x00000000af400000, 0x00000000af400000, 0x00000000af500000|  0%| F|  |TAMS 0x00000000af400000| PB 0x00000000af400000| Untracked 
| 757|0x00000000af500000, 0x00000000af500000, 0x00000000af600000|  0%| F|  |TAMS 0x00000000af500000| PB 0x00000000af500000| Untracked 
| 758|0x00000000af600000, 0x00000000af600000, 0x00000000af700000|  0%| F|  |TAMS 0x00000000af600000| PB 0x00000000af600000| Untracked 
| 759|0x00000000af700000, 0x00000000af700000, 0x00000000af800000|  0%| F|  |TAMS 0x00000000af700000| PB 0x00000000af700000| Untracked 
| 760|0x00000000af800000, 0x00000000af800000, 0x00000000af900000|  0%| F|  |TAMS 0x00000000af800000| PB 0x00000000af800000| Untracked 
| 761|0x00000000af900000, 0x00000000af900000, 0x00000000afa00000|  0%| F|  |TAMS 0x00000000af900000| PB 0x00000000af900000| Untracked 
| 762|0x00000000afa00000, 0x00000000afa00000, 0x00000000afb00000|  0%| F|  |TAMS 0x00000000afa00000| PB 0x00000000afa00000| Untracked 
| 763|0x00000000afb00000, 0x00000000afb00000, 0x00000000afc00000|  0%| F|  |TAMS 0x00000000afb00000| PB 0x00000000afb00000| Untracked 
| 764|0x00000000afc00000, 0x00000000afc00000, 0x00000000afd00000|  0%| F|  |TAMS 0x00000000afc00000| PB 0x00000000afc00000| Untracked 
| 765|0x00000000afd00000, 0x00000000afd00000, 0x00000000afe00000|  0%| F|  |TAMS 0x00000000afd00000| PB 0x00000000afd00000| Untracked 
| 766|0x00000000afe00000, 0x00000000afe00000, 0x00000000aff00000|  0%| F|  |TAMS 0x00000000afe00000| PB 0x00000000afe00000| Untracked 
| 767|0x00000000aff00000, 0x00000000aff00000, 0x00000000b0000000|  0%| F|  |TAMS 0x00000000aff00000| PB 0x00000000aff00000| Untracked 
| 768|0x00000000b0000000, 0x00000000b0000000, 0x00000000b0100000|  0%| F|  |TAMS 0x00000000b0000000| PB 0x00000000b0000000| Untracked 
| 769|0x00000000b0100000, 0x00000000b0100000, 0x00000000b0200000|  0%| F|  |TAMS 0x00000000b0100000| PB 0x00000000b0100000| Untracked 
| 770|0x00000000b0200000, 0x00000000b0200000, 0x00000000b0300000|  0%| F|  |TAMS 0x00000000b0200000| PB 0x00000000b0200000| Untracked 
| 771|0x00000000b0300000, 0x00000000b0300000, 0x00000000b0400000|  0%| F|  |TAMS 0x00000000b0300000| PB 0x00000000b0300000| Untracked 
| 772|0x00000000b0400000, 0x00000000b0400000, 0x00000000b0500000|  0%| F|  |TAMS 0x00000000b0400000| PB 0x00000000b0400000| Untracked 
| 773|0x00000000b0500000, 0x00000000b0500000, 0x00000000b0600000|  0%| F|  |TAMS 0x00000000b0500000| PB 0x00000000b0500000| Untracked 
| 774|0x00000000b0600000, 0x00000000b0600000, 0x00000000b0700000|  0%| F|  |TAMS 0x00000000b0600000| PB 0x00000000b0600000| Untracked 
| 775|0x00000000b0700000, 0x00000000b0700000, 0x00000000b0800000|  0%| F|  |TAMS 0x00000000b0700000| PB 0x00000000b0700000| Untracked 
| 776|0x00000000b0800000, 0x00000000b0800000, 0x00000000b0900000|  0%| F|  |TAMS 0x00000000b0800000| PB 0x00000000b0800000| Untracked 
| 777|0x00000000b0900000, 0x00000000b0900000, 0x00000000b0a00000|  0%| F|  |TAMS 0x00000000b0900000| PB 0x00000000b0900000| Untracked 
| 778|0x00000000b0a00000, 0x00000000b0a00000, 0x00000000b0b00000|  0%| F|  |TAMS 0x00000000b0a00000| PB 0x00000000b0a00000| Untracked 
| 779|0x00000000b0b00000, 0x00000000b0b00000, 0x00000000b0c00000|  0%| F|  |TAMS 0x00000000b0b00000| PB 0x00000000b0b00000| Untracked 
| 780|0x00000000b0c00000, 0x00000000b0c00000, 0x00000000b0d00000|  0%| F|  |TAMS 0x00000000b0c00000| PB 0x00000000b0c00000| Untracked 
| 781|0x00000000b0d00000, 0x00000000b0d00000, 0x00000000b0e00000|  0%| F|  |TAMS 0x00000000b0d00000| PB 0x00000000b0d00000| Untracked 
| 782|0x00000000b0e00000, 0x00000000b0e00000, 0x00000000b0f00000|  0%| F|  |TAMS 0x00000000b0e00000| PB 0x00000000b0e00000| Untracked 
| 783|0x00000000b0f00000, 0x00000000b0f00000, 0x00000000b1000000|  0%| F|  |TAMS 0x00000000b0f00000| PB 0x00000000b0f00000| Untracked 
| 784|0x00000000b1000000, 0x00000000b1000000, 0x00000000b1100000|  0%| F|  |TAMS 0x00000000b1000000| PB 0x00000000b1000000| Untracked 
| 785|0x00000000b1100000, 0x00000000b1100000, 0x00000000b1200000|  0%| F|  |TAMS 0x00000000b1100000| PB 0x00000000b1100000| Untracked 
| 786|0x00000000b1200000, 0x00000000b1200000, 0x00000000b1300000|  0%| F|  |TAMS 0x00000000b1200000| PB 0x00000000b1200000| Untracked 
| 787|0x00000000b1300000, 0x00000000b1300000, 0x00000000b1400000|  0%| F|  |TAMS 0x00000000b1300000| PB 0x00000000b1300000| Untracked 
| 788|0x00000000b1400000, 0x00000000b1400000, 0x00000000b1500000|  0%| F|  |TAMS 0x00000000b1400000| PB 0x00000000b1400000| Untracked 
| 789|0x00000000b1500000, 0x00000000b1500000, 0x00000000b1600000|  0%| F|  |TAMS 0x00000000b1500000| PB 0x00000000b1500000| Untracked 
| 790|0x00000000b1600000, 0x00000000b1600000, 0x00000000b1700000|  0%| F|  |TAMS 0x00000000b1600000| PB 0x00000000b1600000| Untracked 
| 791|0x00000000b1700000, 0x00000000b1700000, 0x00000000b1800000|  0%| F|  |TAMS 0x00000000b1700000| PB 0x00000000b1700000| Untracked 
| 792|0x00000000b1800000, 0x00000000b1800000, 0x00000000b1900000|  0%| F|  |TAMS 0x00000000b1800000| PB 0x00000000b1800000| Untracked 
| 793|0x00000000b1900000, 0x00000000b1900000, 0x00000000b1a00000|  0%| F|  |TAMS 0x00000000b1900000| PB 0x00000000b1900000| Untracked 
| 794|0x00000000b1a00000, 0x00000000b1a00000, 0x00000000b1b00000|  0%| F|  |TAMS 0x00000000b1a00000| PB 0x00000000b1a00000| Untracked 
| 795|0x00000000b1b00000, 0x00000000b1b00000, 0x00000000b1c00000|  0%| F|  |TAMS 0x00000000b1b00000| PB 0x00000000b1b00000| Untracked 
| 796|0x00000000b1c00000, 0x00000000b1c00000, 0x00000000b1d00000|  0%| F|  |TAMS 0x00000000b1c00000| PB 0x00000000b1c00000| Untracked 
| 797|0x00000000b1d00000, 0x00000000b1d00000, 0x00000000b1e00000|  0%| F|  |TAMS 0x00000000b1d00000| PB 0x00000000b1d00000| Untracked 
| 798|0x00000000b1e00000, 0x00000000b1e00000, 0x00000000b1f00000|  0%| F|  |TAMS 0x00000000b1e00000| PB 0x00000000b1e00000| Untracked 
| 799|0x00000000b1f00000, 0x00000000b1f00000, 0x00000000b2000000|  0%| F|  |TAMS 0x00000000b1f00000| PB 0x00000000b1f00000| Untracked 
| 800|0x00000000b2000000, 0x00000000b2000000, 0x00000000b2100000|  0%| F|  |TAMS 0x00000000b2000000| PB 0x00000000b2000000| Untracked 
| 801|0x00000000b2100000, 0x00000000b2100000, 0x00000000b2200000|  0%| F|  |TAMS 0x00000000b2100000| PB 0x00000000b2100000| Untracked 
| 802|0x00000000b2200000, 0x00000000b2200000, 0x00000000b2300000|  0%| F|  |TAMS 0x00000000b2200000| PB 0x00000000b2200000| Untracked 
| 803|0x00000000b2300000, 0x00000000b2300000, 0x00000000b2400000|  0%| F|  |TAMS 0x00000000b2300000| PB 0x00000000b2300000| Untracked 
| 804|0x00000000b2400000, 0x00000000b2400000, 0x00000000b2500000|  0%| F|  |TAMS 0x00000000b2400000| PB 0x00000000b2400000| Untracked 
| 805|0x00000000b2500000, 0x00000000b2500000, 0x00000000b2600000|  0%| F|  |TAMS 0x00000000b2500000| PB 0x00000000b2500000| Untracked 
| 806|0x00000000b2600000, 0x00000000b2600000, 0x00000000b2700000|  0%| F|  |TAMS 0x00000000b2600000| PB 0x00000000b2600000| Untracked 
| 807|0x00000000b2700000, 0x00000000b2700000, 0x00000000b2800000|  0%| F|  |TAMS 0x00000000b2700000| PB 0x00000000b2700000| Untracked 
| 808|0x00000000b2800000, 0x00000000b2800000, 0x00000000b2900000|  0%| F|  |TAMS 0x00000000b2800000| PB 0x00000000b2800000| Untracked 
| 809|0x00000000b2900000, 0x00000000b2900000, 0x00000000b2a00000|  0%| F|  |TAMS 0x00000000b2900000| PB 0x00000000b2900000| Untracked 
| 810|0x00000000b2a00000, 0x00000000b2a00000, 0x00000000b2b00000|  0%| F|  |TAMS 0x00000000b2a00000| PB 0x00000000b2a00000| Untracked 
| 811|0x00000000b2b00000, 0x00000000b2b00000, 0x00000000b2c00000|  0%| F|  |TAMS 0x00000000b2b00000| PB 0x00000000b2b00000| Untracked 
| 812|0x00000000b2c00000, 0x00000000b2c62058, 0x00000000b2d00000| 38%| E|  |TAMS 0x00000000b2c00000| PB 0x00000000b2c00000| Complete 
| 813|0x00000000b2d00000, 0x00000000b2e00000, 0x00000000b2e00000|100%| E|CS|TAMS 0x00000000b2d00000| PB 0x00000000b2d00000| Complete 
| 814|0x00000000b2e00000, 0x00000000b2f00000, 0x00000000b2f00000|100%| E|CS|TAMS 0x00000000b2e00000| PB 0x00000000b2e00000| Complete 
| 815|0x00000000b2f00000, 0x00000000b3000000, 0x00000000b3000000|100%| E|CS|TAMS 0x00000000b2f00000| PB 0x00000000b2f00000| Complete 
| 816|0x00000000b3000000, 0x00000000b3100000, 0x00000000b3100000|100%| E|CS|TAMS 0x00000000b3000000| PB 0x00000000b3000000| Complete 
| 817|0x00000000b3100000, 0x00000000b3200000, 0x00000000b3200000|100%| E|CS|TAMS 0x00000000b3100000| PB 0x00000000b3100000| Complete 
| 818|0x00000000b3200000, 0x00000000b3300000, 0x00000000b3300000|100%| E|CS|TAMS 0x00000000b3200000| PB 0x00000000b3200000| Complete 
| 819|0x00000000b3300000, 0x00000000b3400000, 0x00000000b3400000|100%| E|CS|TAMS 0x00000000b3300000| PB 0x00000000b3300000| Complete 
| 820|0x00000000b3400000, 0x00000000b3500000, 0x00000000b3500000|100%| E|CS|TAMS 0x00000000b3400000| PB 0x00000000b3400000| Complete 
|2017|0x00000000fe100000, 0x00000000fe200000, 0x00000000fe200000|100%| O|  |TAMS 0x00000000fe200000| PB 0x00000000fe200000| Updating 
|2018|0x00000000fe200000, 0x00000000fe300000, 0x00000000fe300000|100%| O|  |TAMS 0x00000000fe300000| PB 0x00000000fe300000| Updating 
|2019|0x00000000fe300000, 0x00000000fe400000, 0x00000000fe400000|100%| O|  |TAMS 0x00000000fe400000| PB 0x00000000fe400000| Updating 
|2020|0x00000000fe400000, 0x00000000fe500000, 0x00000000fe500000|100%| O|  |TAMS 0x00000000fe500000| PB 0x00000000fe500000| Updating 
|2021|0x00000000fe500000, 0x00000000fe600000, 0x00000000fe600000|100%| O|  |TAMS 0x00000000fe600000| PB 0x00000000fe600000| Updating 
|2022|0x00000000fe600000, 0x00000000fe700000, 0x00000000fe700000|100%| O|  |TAMS 0x00000000fe700000| PB 0x00000000fe700000| Updating 
|2023|0x00000000fe700000, 0x00000000fe800000, 0x00000000fe800000|100%| O|  |TAMS 0x00000000fe800000| PB 0x00000000fe800000| Updating 
|2024|0x00000000fe800000, 0x00000000fe900000, 0x00000000fe900000|100%| O|  |TAMS 0x00000000fe900000| PB 0x00000000fe900000| Updating 
|2025|0x00000000fe900000, 0x00000000fea00000, 0x00000000fea00000|100%| O|  |TAMS 0x00000000fea00000| PB 0x00000000fea00000| Updating 
|2026|0x00000000fea00000, 0x00000000feb00000, 0x00000000feb00000|100%| O|  |TAMS 0x00000000feb00000| PB 0x00000000feb00000| Updating 
|2027|0x00000000feb00000, 0x00000000fec00000, 0x00000000fec00000|100%| O|  |TAMS 0x00000000fec00000| PB 0x00000000fec00000| Updating 
|2028|0x00000000fec00000, 0x00000000fed00000, 0x00000000fed00000|100%| O|  |TAMS 0x00000000fed00000| PB 0x00000000fed00000| Updating 
|2029|0x00000000fed00000, 0x00000000fee00000, 0x00000000fee00000|100%| O|  |TAMS 0x00000000fee00000| PB 0x00000000fee00000| Updating 
|2030|0x00000000fee00000, 0x00000000fef00000, 0x00000000fef00000|100%| E|  |TAMS 0x00000000fee00000| PB 0x00000000fee00000| Complete 
|2031|0x00000000fef00000, 0x00000000ff000000, 0x00000000ff000000|100%| O|  |TAMS 0x00000000ff000000| PB 0x00000000ff000000| Untracked 
|2032|0x00000000ff000000, 0x00000000ff100000, 0x00000000ff100000|100%| O|  |TAMS 0x00000000ff100000| PB 0x00000000ff100000| Untracked 
|2033|0x00000000ff100000, 0x00000000ff200000, 0x00000000ff200000|100%| O|  |TAMS 0x00000000ff200000| PB 0x00000000ff200000| Updating 
|2034|0x00000000ff200000, 0x00000000ff300000, 0x00000000ff300000|100%| O|  |TAMS 0x00000000ff300000| PB 0x00000000ff300000| Updating 
|2035|0x00000000ff300000, 0x00000000ff400000, 0x00000000ff400000|100%| O|  |TAMS 0x00000000ff400000| PB 0x00000000ff400000| Untracked 
|2036|0x00000000ff400000, 0x00000000ff500000, 0x00000000ff500000|100%| O|  |TAMS 0x00000000ff500000| PB 0x00000000ff500000| Updating 
|2037|0x00000000ff500000, 0x00000000ff600000, 0x00000000ff600000|100%| E|CS|TAMS 0x00000000ff500000| PB 0x00000000ff500000| Complete 
|2038|0x00000000ff600000, 0x00000000ff700000, 0x00000000ff700000|100%| E|CS|TAMS 0x00000000ff600000| PB 0x00000000ff600000| Complete 
|2039|0x00000000ff700000, 0x00000000ff800000, 0x00000000ff800000|100%| E|CS|TAMS 0x00000000ff700000| PB 0x00000000ff700000| Complete 
|2040|0x00000000ff800000, 0x00000000ff900000, 0x00000000ff900000|100%| E|CS|TAMS 0x00000000ff800000| PB 0x00000000ff800000| Complete 
|2041|0x00000000ff900000, 0x00000000ffa00000, 0x00000000ffa00000|100%| E|CS|TAMS 0x00000000ff900000| PB 0x00000000ff900000| Complete 
|2042|0x00000000ffa00000, 0x00000000ffb00000, 0x00000000ffb00000|100%| E|CS|TAMS 0x00000000ffa00000| PB 0x00000000ffa00000| Complete 
|2043|0x00000000ffb00000, 0x00000000ffc00000, 0x00000000ffc00000|100%| E|CS|TAMS 0x00000000ffb00000| PB 0x00000000ffb00000| Complete 
|2044|0x00000000ffc00000, 0x00000000ffd00000, 0x00000000ffd00000|100%| E|CS|TAMS 0x00000000ffc00000| PB 0x00000000ffc00000| Complete 
|2045|0x00000000ffd00000, 0x00000000ffe00000, 0x00000000ffe00000|100%| E|CS|TAMS 0x00000000ffd00000| PB 0x00000000ffd00000| Complete 
|2046|0x00000000ffe00000, 0x00000000fff00000, 0x00000000fff00000|100%| O|  |TAMS 0x00000000fff00000| PB 0x00000000fff00000| Untracked 
|2047|0x00000000fff00000, 0x0000000100000000, 0x0000000100000000|100%| O|  |TAMS 0x0000000100000000| PB 0x0000000100000000| Untracked 

Card table byte_map: [0x000001e41f980000,0x000001e41fd80000] _byte_map_base: 0x000001e41f580000

Marking Bits: (CMBitMap*) 0x000001e40799c890
 Bits: [0x000001e41fd80000, 0x000001e421d80000)

Polling page: 0x000001e405780000

Metaspace:

Usage:
  Non-class:    111.63 MB used.
      Class:     17.38 MB used.
       Both:    129.00 MB used.

Virtual space:
  Non-class space:      128.00 MB reserved,     112.81 MB ( 88%) committed,  2 nodes.
      Class space:        1.00 GB reserved,      18.62 MB (  2%) committed,  1 nodes.
             Both:        1.12 GB reserved,     131.44 MB ( 11%) committed. 

Chunk freelists:
   Non-Class:  14.95 MB
       Class:  13.25 MB
        Both:  28.20 MB

MaxMetaspaceSize: unlimited
CompressedClassSpaceSize: 1.00 GB
Initial GC threshold: 21.00 MB
Current GC threshold: 211.81 MB
CDS: on
 - commit_granule_bytes: 65536.
 - commit_granule_words: 8192.
 - virtual_space_node_default_size: 8388608.
 - enlarge_chunks_in_place: 1.
 - use_allocation_guard: 0.


Internal statistics:

num_allocs_failed_limit: 6.
num_arena_births: 4546.
num_arena_deaths: 0.
num_vsnodes_births: 3.
num_vsnodes_deaths: 0.
num_space_committed: 2094.
num_space_uncommitted: 0.
num_chunks_returned_to_freelist: 6.
num_chunks_taken_from_freelist: 10471.
num_chunk_merges: 6.
num_chunk_splits: 6937.
num_chunks_enlarged: 4505.
num_inconsistent_stats: 0.

CodeHeap 'non-profiled nmethods': size=120000Kb used=10177Kb max_used=10419Kb free=109822Kb
 bounds [0x000001e417b00000, 0x000001e418590000, 0x000001e41f030000]
CodeHeap 'profiled nmethods': size=120000Kb used=31022Kb max_used=31438Kb free=88977Kb
 bounds [0x000001e410030000, 0x000001e411ef0000, 0x000001e417560000]
CodeHeap 'non-nmethods': size=5760Kb used=2509Kb max_used=2561Kb free=3250Kb
 bounds [0x000001e417560000, 0x000001e417800000, 0x000001e417b00000]
 total_blobs=17333 nmethods=16399 adapters=838
 compilation: enabled
              stopped_count=0, restarted_count=0
 full_count=0

Compilation events (20 events):
Event: 38.010 Thread 0x000001e424a18e70 nmethod 22502 0x000001e411ee0e90 code [0x000001e411ee1020, 0x000001e411ee1128]
Event: 38.010 Thread 0x000001e424a18e70 22504       2       com.android.tools.r8.internal.sq::a (18 bytes)
Event: 38.010 Thread 0x000001e424a18e70 nmethod 22504 0x000001e411ee1190 code [0x000001e411ee1380, 0x000001e411ee15d8]
Event: 38.010 Thread 0x000001e424a18e70 22505       2       com.android.tools.r8.internal.sq::J (8 bytes)
Event: 38.010 Thread 0x000001e424a18e70 nmethod 22505 0x000001e411ee1810 code [0x000001e411ee19a0, 0x000001e411ee1ae0]
Event: 38.011 Thread 0x000001e424a14f10 nmethod 21993 0x000001e418573190 code [0x000001e418575120, 0x000001e41857fc08]
Event: 38.011 Thread 0x000001e424a18e70 22506       2       com.android.tools.r8.internal.bo::a (1 bytes)
Event: 38.011 Thread 0x000001e424a18e70 nmethod 22506 0x000001e411ee1b90 code [0x000001e411ee1d20, 0x000001e411ee1e28]
Event: 38.012 Thread 0x000001e424a18e70 22508       3       com.android.tools.r8.graph.E2$$Lambda/0x000001e4272ab060::accept (20 bytes)
Event: 38.012 Thread 0x000001e424a14f10 22074       4       com.android.tools.r8.graph.E0::<init> (339 bytes)
Event: 38.012 Thread 0x000001e424a18e70 nmethod 22508 0x000001e411ee1f10 code [0x000001e411ee20c0, 0x000001e411ee2308]
Event: 38.012 Thread 0x000001e424a18e70 22509       2       com.android.tools.r8.dex.n0$$Lambda/0x000001e4272a2220::apply (15 bytes)
Event: 38.012 Thread 0x000001e424a18e70 nmethod 22509 0x000001e411ee2410 code [0x000001e411ee25c0, 0x000001e411ee2750]
Event: 38.012 Thread 0x000001e424a18e70 22511       2       com.android.tools.r8.dex.n0$$Lambda/0x000001e4272a2680::apply (15 bytes)
Event: 38.012 Thread 0x000001e424a18e70 nmethod 22511 0x000001e411ee2890 code [0x000001e411ee2a40, 0x000001e411ee2bd0]
Event: 38.012 Thread 0x000001e424a18e70 22513       3       com.android.tools.r8.dex.n0$$Lambda/0x000001e4272a28b8::apply (15 bytes)
Event: 38.013 Thread 0x000001e424a18e70 nmethod 22513 0x000001e411ee2d10 code [0x000001e411ee2ee0, 0x000001e411ee32f0]
Event: 38.013 Thread 0x000001e424a18e70 22512       2       com.android.tools.r8.dex.s0::a (11 bytes)
Event: 38.013 Thread 0x000001e424a18e70 nmethod 22512 0x000001e411ee3490 code [0x000001e411ee3640, 0x000001e411ee3778]
Event: 38.013 Thread 0x000001e424a18e70 22510       2       com.android.tools.r8.dex.s0::a (11 bytes)

GC Heap History (20 events):
Event: 34.643 GC heap before
{Heap before GC invocations=72 (full 0):
 garbage-first heap   total 406528K, used 367782K [0x0000000080000000, 0x0000000100000000)
  region size 1024K, 109 young (111616K), 8 survivors (8192K)
 Metaspace       used 122873K, committed 125312K, reserved 1179648K
  class space    used 16390K, committed 17664K, reserved 1048576K
}
Event: 34.669 GC heap after
{Heap after GC invocations=73 (full 0):
 garbage-first heap   total 536576K, used 287284K [0x0000000080000000, 0x0000000100000000)
  region size 1024K, 14 young (14336K), 14 survivors (14336K)
 Metaspace       used 122873K, committed 125312K, reserved 1179648K
  class space    used 16390K, committed 17664K, reserved 1048576K
}
Event: 35.432 GC heap before
{Heap before GC invocations=73 (full 0):
 garbage-first heap   total 536576K, used 425524K [0x0000000080000000, 0x0000000100000000)
  region size 1024K, 150 young (153600K), 14 survivors (14336K)
 Metaspace       used 125724K, committed 128128K, reserved 1179648K
  class space    used 16966K, committed 18176K, reserved 1048576K
}
Event: 35.462 GC heap after
{Heap after GC invocations=74 (full 0):
 garbage-first heap   total 536576K, used 331264K [0x0000000080000000, 0x0000000100000000)
  region size 1024K, 19 young (19456K), 19 survivors (19456K)
 Metaspace       used 125724K, committed 128128K, reserved 1179648K
  class space    used 16966K, committed 18176K, reserved 1048576K
}
Event: 35.630 GC heap before
{Heap before GC invocations=74 (full 0):
 garbage-first heap   total 549888K, used 445952K [0x0000000080000000, 0x0000000100000000)
  region size 1024K, 134 young (137216K), 19 survivors (19456K)
 Metaspace       used 125775K, committed 128128K, reserved 1179648K
  class space    used 16967K, committed 18176K, reserved 1048576K
}
Event: 35.674 GC heap after
{Heap after GC invocations=75 (full 0):
 garbage-first heap   total 549888K, used 390656K [0x0000000080000000, 0x0000000100000000)
  region size 1024K, 17 young (17408K), 17 survivors (17408K)
 Metaspace       used 125775K, committed 128128K, reserved 1179648K
  class space    used 16967K, committed 18176K, reserved 1048576K
}
Event: 35.731 GC heap before
{Heap before GC invocations=76 (full 0):
 garbage-first heap   total 549888K, used 472576K [0x0000000080000000, 0x0000000100000000)
  region size 1024K, 97 young (99328K), 17 survivors (17408K)
 Metaspace       used 125778K, committed 128128K, reserved 1179648K
  class space    used 16967K, committed 18176K, reserved 1048576K
}
Event: 35.760 GC heap after
{Heap after GC invocations=77 (full 0):
 garbage-first heap   total 549888K, used 435712K [0x0000000080000000, 0x0000000100000000)
  region size 1024K, 13 young (13312K), 13 survivors (13312K)
 Metaspace       used 125778K, committed 128128K, reserved 1179648K
  class space    used 16967K, committed 18176K, reserved 1048576K
}
Event: 35.986 GC heap before
{Heap before GC invocations=77 (full 0):
 garbage-first heap   total 549888K, used 495104K [0x0000000080000000, 0x0000000100000000)
  region size 1024K, 66 young (67584K), 13 survivors (13312K)
 Metaspace       used 126929K, committed 129408K, reserved 1179648K
  class space    used 17119K, committed 18368K, reserved 1048576K
}
Event: 36.005 GC heap after
{Heap after GC invocations=78 (full 0):
 garbage-first heap   total 860160K, used 457216K [0x0000000080000000, 0x0000000100000000)
  region size 1024K, 9 young (9216K), 9 survivors (9216K)
 Metaspace       used 126929K, committed 129408K, reserved 1179648K
  class space    used 17119K, committed 18368K, reserved 1048576K
}
Event: 36.018 GC heap before
{Heap before GC invocations=78 (full 0):
 garbage-first heap   total 860160K, used 457216K [0x0000000080000000, 0x0000000100000000)
  region size 1024K, 11 young (11264K), 9 survivors (9216K)
 Metaspace       used 127047K, committed 129472K, reserved 1179648K
  class space    used 17136K, committed 18368K, reserved 1048576K
}
Event: 36.022 GC heap after
{Heap after GC invocations=79 (full 0):
 garbage-first heap   total 860160K, used 458536K [0x0000000080000000, 0x0000000100000000)
  region size 1024K, 11 young (11264K), 11 survivors (11264K)
 Metaspace       used 127047K, committed 129472K, reserved 1179648K
  class space    used 17136K, committed 18368K, reserved 1048576K
}
Event: 37.259 GC heap before
{Heap before GC invocations=80 (full 0):
 garbage-first heap   total 860160K, used 810792K [0x0000000080000000, 0x0000000100000000)
  region size 1024K, 226 young (231424K), 11 survivors (11264K)
 Metaspace       used 130700K, committed 133184K, reserved 1179648K
  class space    used 17618K, committed 18880K, reserved 1048576K
}
Event: 37.290 GC heap after
{Heap after GC invocations=81 (full 0):
 garbage-first heap   total 870400K, used 522600K [0x0000000080000000, 0x0000000100000000)
  region size 1024K, 29 young (29696K), 29 survivors (29696K)
 Metaspace       used 130700K, committed 133184K, reserved 1179648K
  class space    used 17618K, committed 18880K, reserved 1048576K
}
Event: 37.488 GC heap before
{Heap before GC invocations=81 (full 0):
 garbage-first heap   total 870400K, used 741736K [0x0000000080000000, 0x0000000100000000)
  region size 1024K, 238 young (243712K), 29 survivors (29696K)
 Metaspace       used 131130K, committed 133568K, reserved 1179648K
  class space    used 17670K, committed 18880K, reserved 1048576K
}
Event: 37.556 GC heap after
{Heap after GC invocations=82 (full 0):
 garbage-first heap   total 872448K, used 613376K [0x0000000080000000, 0x0000000100000000)
  region size 1024K, 30 young (30720K), 30 survivors (30720K)
 Metaspace       used 131130K, committed 133568K, reserved 1179648K
  class space    used 17670K, committed 18880K, reserved 1048576K
}
Event: 37.681 GC heap before
{Heap before GC invocations=82 (full 0):
 garbage-first heap   total 872448K, used 732160K [0x0000000080000000, 0x0000000100000000)
  region size 1024K, 148 young (151552K), 30 survivors (30720K)
 Metaspace       used 131195K, committed 133696K, reserved 1179648K
  class space    used 17685K, committed 18944K, reserved 1048576K
}
Event: 37.728 GC heap after
{Heap after GC invocations=83 (full 0):
 garbage-first heap   total 872448K, used 667648K [0x0000000080000000, 0x0000000100000000)
  region size 1024K, 20 young (20480K), 20 survivors (20480K)
 Metaspace       used 131195K, committed 133696K, reserved 1179648K
  class space    used 17685K, committed 18944K, reserved 1048576K
}
Event: 37.914 GC heap before
{Heap before GC invocations=83 (full 0):
 garbage-first heap   total 872448K, used 777216K [0x0000000080000000, 0x0000000100000000)
  region size 1024K, 119 young (121856K), 20 survivors (20480K)
 Metaspace       used 131553K, committed 133952K, reserved 1179648K
  class space    used 17727K, committed 18944K, reserved 1048576K
}
Event: 37.927 GC heap after
{Heap after GC invocations=84 (full 0):
 garbage-first heap   total 872448K, used 678912K [0x0000000080000000, 0x0000000100000000)
  region size 1024K, 6 young (6144K), 6 survivors (6144K)
 Metaspace       used 131553K, committed 133952K, reserved 1179648K
  class space    used 17727K, committed 18944K, reserved 1048576K
}

Dll operation events (15 events):
Event: 0.024 Loaded shared library C:\Users\jmedi\.gradle\jdks\eclipse_adoptium-21-amd64-windows.2\bin\java.dll
Event: 0.111 Loaded shared library C:\Users\jmedi\.gradle\jdks\eclipse_adoptium-21-amd64-windows.2\bin\jsvml.dll
Event: 0.139 Loaded shared library C:\Users\jmedi\.gradle\jdks\eclipse_adoptium-21-amd64-windows.2\bin\zip.dll
Event: 0.142 Loaded shared library C:\Users\jmedi\.gradle\jdks\eclipse_adoptium-21-amd64-windows.2\bin\instrument.dll
Event: 0.156 Loaded shared library C:\Users\jmedi\.gradle\jdks\eclipse_adoptium-21-amd64-windows.2\bin\net.dll
Event: 0.159 Loaded shared library C:\Users\jmedi\.gradle\jdks\eclipse_adoptium-21-amd64-windows.2\bin\nio.dll
Event: 0.161 Loaded shared library C:\Users\jmedi\.gradle\jdks\eclipse_adoptium-21-amd64-windows.2\bin\zip.dll
Event: 0.342 Loaded shared library C:\Users\jmedi\.gradle\jdks\eclipse_adoptium-21-amd64-windows.2\bin\jimage.dll
Event: 0.466 Loaded shared library C:\Users\jmedi\.gradle\jdks\eclipse_adoptium-21-amd64-windows.2\bin\verify.dll
Event: 0.487 Loaded shared library C:\Users\jmedi\.gradle\native\660c5614fbf4a5f2a75b1949f50a0caf5cd603558e7d8a26e50b933a0cfb79d1\windows-amd64\native-platform.dll
Event: 0.497 Loaded shared library C:\Users\jmedi\.gradle\native\0.2.8\x86_64-windows-gnu\gradle-fileevents.dll
Event: 1.271 Loaded shared library C:\Users\jmedi\.gradle\jdks\eclipse_adoptium-21-amd64-windows.2\bin\management.dll
Event: 1.275 Loaded shared library C:\Users\jmedi\.gradle\jdks\eclipse_adoptium-21-amd64-windows.2\bin\management_ext.dll
Event: 1.365 Loaded shared library C:\Users\jmedi\.gradle\jdks\eclipse_adoptium-21-amd64-windows.2\bin\extnet.dll
Event: 1.530 Loaded shared library C:\Users\jmedi\.gradle\jdks\eclipse_adoptium-21-amd64-windows.2\bin\sunmscapi.dll

Deoptimization events (20 events):
Event: 37.776 Thread 0x000001e47760d4e0 DEOPT PACKING pc=0x000001e417da529c sp=0x0000001fbf2fed10
Event: 37.776 Thread 0x000001e47760d4e0 DEOPT UNPACKING pc=0x000001e4175b7da2 sp=0x0000001fbf2fec58 mode 2
Event: 37.837 Thread 0x000001e46bf302d0 DEOPT PACKING pc=0x000001e411e69aff sp=0x0000001fb92fd8c0
Event: 37.837 Thread 0x000001e46bf302d0 DEOPT UNPACKING pc=0x000001e4175b88e2 sp=0x0000001fb92fcda8 mode 0
Event: 37.988 Thread 0x000001e46bf31680 DEOPT PACKING pc=0x000001e41020c3f6 sp=0x0000001fb93fcf60
Event: 37.988 Thread 0x000001e46bf31680 DEOPT UNPACKING pc=0x000001e4175b88e2 sp=0x0000001fb93fc460 mode 0
Event: 37.992 Thread 0x000001e46bf31680 DEOPT PACKING pc=0x000001e41020c3f6 sp=0x0000001fb93fcf60
Event: 37.992 Thread 0x000001e46bf31680 DEOPT UNPACKING pc=0x000001e4175b88e2 sp=0x0000001fb93fc460 mode 0
Event: 37.997 Thread 0x000001e46bf31680 DEOPT PACKING pc=0x000001e41020c3f6 sp=0x0000001fb93fcf60
Event: 37.997 Thread 0x000001e46bf31680 DEOPT UNPACKING pc=0x000001e4175b88e2 sp=0x0000001fb93fc460 mode 0
Event: 38.001 Thread 0x000001e46bf31680 DEOPT PACKING pc=0x000001e41020c3f6 sp=0x0000001fb93fcf60
Event: 38.001 Thread 0x000001e46bf31680 DEOPT UNPACKING pc=0x000001e4175b88e2 sp=0x0000001fb93fc460 mode 0
Event: 38.005 Thread 0x000001e46bf31680 DEOPT PACKING pc=0x000001e41020c3f6 sp=0x0000001fb93fcf60
Event: 38.005 Thread 0x000001e46bf31680 DEOPT UNPACKING pc=0x000001e4175b88e2 sp=0x0000001fb93fc460 mode 0
Event: 38.008 Thread 0x000001e46bf302d0 Uncommon trap: trap_request=0xffffffe4 fr.pc=0x000001e417bc1404 relative=0x00000000000001c4
Event: 38.008 Thread 0x000001e46bf302d0 Uncommon trap: reason=range_check action=make_not_entrant pc=0x000001e417bc1404 method=com.android.tools.r8.graph.I2.a(Lcom/android/tools/r8/graph/I2;)I @ 9 c2
Event: 38.008 Thread 0x000001e46bf302d0 DEOPT PACKING pc=0x000001e417bc1404 sp=0x0000001fb92fd4b0
Event: 38.008 Thread 0x000001e46bf302d0 DEOPT UNPACKING pc=0x000001e4175b7da2 sp=0x0000001fb92fd428 mode 2
Event: 38.010 Thread 0x000001e46bf31680 DEOPT PACKING pc=0x000001e41020c3f6 sp=0x0000001fb93fcf60
Event: 38.010 Thread 0x000001e46bf31680 DEOPT UNPACKING pc=0x000001e4175b88e2 sp=0x0000001fb93fc460 mode 0

Classes loaded (20 events):
Event: 34.933 Loading class java/util/concurrent/ForkJoinTask$AdaptedCallable
Event: 34.934 Loading class java/util/concurrent/ForkJoinTask$AdaptedCallable done
Event: 35.073 Loading class java/util/AbstractList$RandomAccessSubList
Event: 35.074 Loading class java/util/AbstractList$SubList
Event: 35.074 Loading class java/util/AbstractList$SubList done
Event: 35.074 Loading class java/util/AbstractList$RandomAccessSubList done
Event: 35.074 Loading class java/util/AbstractList$SubList$1
Event: 35.074 Loading class java/util/AbstractList$SubList$1 done
Event: 35.256 Loading class java/nio/ShortBuffer
Event: 35.256 Loading class java/nio/ShortBuffer done
Event: 35.256 Loading class java/nio/HeapShortBuffer
Event: 35.258 Loading class java/nio/HeapShortBuffer done
Event: 36.121 Loading class java/util/IdentityHashMap$EntrySet
Event: 36.122 Loading class java/util/IdentityHashMap$EntrySet done
Event: 36.122 Loading class java/util/AbstractMap$SimpleEntry
Event: 36.122 Loading class java/util/AbstractMap$SimpleEntry done
Event: 36.428 Loading class java/nio/file/InvalidPathException
Event: 36.428 Loading class java/nio/file/InvalidPathException done
Event: 36.783 Loading class java/util/IdentityHashMap$ValueIterator
Event: 36.783 Loading class java/util/IdentityHashMap$ValueIterator done

Classes unloaded (0 events):
No events

Classes redefined (0 events):
No events

Internal exceptions (20 events):
Event: 35.811 Thread 0x000001e470cf1fc0 Exception <a 'sun/nio/fs/WindowsException'{0x000000009eab02f0}> (0x000000009eab02f0) 
thrown [s\src\hotspot\share\prims\jni.cpp, line 520]
Event: 35.811 Thread 0x000001e470cf1fc0 Exception <a 'sun/nio/fs/WindowsException'{0x000000009eab1d30}> (0x000000009eab1d30) 
thrown [s\src\hotspot\share\prims\jni.cpp, line 520]
Event: 35.811 Thread 0x000001e470cf1fc0 Exception <a 'sun/nio/fs/WindowsException'{0x000000009eab1f00}> (0x000000009eab1f00) 
thrown [s\src\hotspot\share\prims\jni.cpp, line 520]
Event: 35.906 Thread 0x000001e470cf1fc0 Exception <a 'sun/nio/fs/WindowsException'{0x000000009e0ddf38}> (0x000000009e0ddf38) 
thrown [s\src\hotspot\share\prims\jni.cpp, line 520]
Event: 35.938 Thread 0x000001e470cf1fc0 Exception <a 'sun/nio/fs/WindowsException'{0x000000009db17288}> (0x000000009db17288) 
thrown [s\src\hotspot\share\prims\jni.cpp, line 520]
Event: 35.939 Thread 0x000001e470cf1fc0 Exception <a 'sun/nio/fs/WindowsException'{0x000000009db18958}> (0x000000009db18958) 
thrown [s\src\hotspot\share\prims\jni.cpp, line 520]
Event: 35.939 Thread 0x000001e470cf1fc0 Exception <a 'sun/nio/fs/WindowsException'{0x000000009db18b10}> (0x000000009db18b10) 
thrown [s\src\hotspot\share\prims\jni.cpp, line 520]
Event: 36.172 Thread 0x000001e46bf302d0 Exception <a 'java/lang/IncompatibleClassChangeError'{0x00000000b2a44db8}: Found class java.lang.Object, but interface was expected> (0x00000000b2a44db8) 
thrown [s\src\hotspot\share\interpreter\linkResolver.cpp, line 840]
Event: 36.173 Thread 0x000001e46bf302d0 Exception <a 'java/lang/NoSuchMethodError'{0x00000000b2a4c658}: 'void java.lang.invoke.DirectMethodHandle$Holder.invokeInterface(java.lang.Object, java.lang.Object, java.lang.Object, int)'> (0x00000000b2a4c658) 
thrown [s\src\hotspot\share\interpreter\linkResolver.cpp, line 773]
Event: 36.430 Thread 0x000001e46bf2fc40 Exception <a 'sun/nio/fs/WindowsException'{0x00000000b1a21f50}> (0x00000000b1a21f50) 
thrown [s\src\hotspot\share\prims\jni.cpp, line 520]
Event: 36.430 Thread 0x000001e46bf2fc40 Exception <a 'sun/nio/fs/WindowsException'{0x00000000b1a22130}> (0x00000000b1a22130) 
thrown [s\src\hotspot\share\prims\jni.cpp, line 520]
Event: 36.802 Thread 0x000001e46bf302d0 Exception <a 'java/lang/IncompatibleClassChangeError'{0x00000000ae4dfbe8}: Found class java.lang.Object, but interface was expected> (0x00000000ae4dfbe8) 
thrown [s\src\hotspot\share\interpreter\linkResolver.cpp, line 840]
Event: 36.831 Thread 0x000001e46bf302d0 Exception <a 'java/lang/NoSuchMethodError'{0x00000000ae2558a8}: 'java.lang.Object java.lang.invoke.DirectMethodHandle$Holder.newInvokeSpecial(java.lang.Object, java.lang.Object, int, java.lang.Object, java.lang.Object, java.lang.Object)'> (0x00000000ae2558a8) 
thrown [s\src\hotspot\share\interpreter\linkResolver.cpp, line 773]
Event: 36.831 Thread 0x000001e46bf302d0 Exception <a 'java/lang/NoSuchMethodError'{0x00000000ae25cd90}: 'java.lang.Object java.lang.invoke.Invokers$Holder.linkToTargetMethod(java.lang.Object, int, java.lang.Object, java.lang.Object, java.lang.Object, java.lang.Object)'> (0x00000000ae25cd90) 
thrown [s\src\hotspot\share\interpreter\linkResolver.cpp, line 773]
Event: 36.832 Thread 0x000001e46bf302d0 Exception <a 'java/lang/NoSuchMethodError'{0x00000000ae269158}: 'java.lang.Object java.lang.invoke.DirectMethodHandle$Holder.newInvokeSpecial(java.lang.Object, int, java.lang.Object, java.lang.Object)'> (0x00000000ae269158) 
thrown [s\src\hotspot\share\interpreter\linkResolver.cpp, line 773]
Event: 36.833 Thread 0x000001e46bf302d0 Exception <a 'java/lang/NoSuchMethodError'{0x00000000ae26cef8}: 'java.lang.Object java.lang.invoke.DirectMethodHandle$Holder.invokeSpecial(java.lang.Object, java.lang.Object, int, java.lang.Object, java.lang.Object)'> (0x00000000ae26cef8) 
thrown [s\src\hotspot\share\interpreter\linkResolver.cpp, line 773]
Event: 36.952 Thread 0x000001e46bf302d0 Exception <a 'java/lang/NoSuchMethodError'{0x00000000adbf2e50}: 'void java.lang.invoke.DirectMethodHandle$Holder.invokeStatic(java.lang.Object, java.lang.Object, java.lang.Object, java.lang.Object, java.lang.Object, java.lang.Object, java.lang.Object, java.lang.Object)'> (0x00000000adbf2e50) 
thrown [s\src\hotspot\share\interpreter\linkResolver.cpp, line 773]
Event: 38.001 Thread 0x000001e470cf1fc0 Exception <a 'sun/nio/fs/WindowsException'{0x00000000ff5340e0}> (0x00000000ff5340e0) 
thrown [s\src\hotspot\share\prims\jni.cpp, line 520]
Event: 38.001 Thread 0x000001e470cf1fc0 Exception <a 'sun/nio/fs/WindowsException'{0x00000000ff535ff8}> (0x00000000ff535ff8) 
thrown [s\src\hotspot\share\prims\jni.cpp, line 520]
Event: 38.001 Thread 0x000001e470cf1fc0 Exception <a 'sun/nio/fs/WindowsException'{0x00000000b2f643f8}> (0x00000000b2f643f8) 
thrown [s\src\hotspot\share\prims\jni.cpp, line 520]

ZGC Phase Switch (0 events):
No events

VM Operations (20 events):
Event: 36.943 Executing VM operation: HandshakeAllThreads (Deoptimize) done
Event: 36.994 Executing VM operation: HandshakeAllThreads (Deoptimize)
Event: 36.994 Executing VM operation: HandshakeAllThreads (Deoptimize) done
Event: 37.259 Executing VM operation: G1CollectForAllocation (G1 Evacuation Pause)
Event: 37.290 Executing VM operation: G1CollectForAllocation (G1 Evacuation Pause) done
Event: 37.399 Executing VM operation: HandshakeAllThreads (Deoptimize)
Event: 37.400 Executing VM operation: HandshakeAllThreads (Deoptimize) done
Event: 37.488 Executing VM operation: G1CollectForAllocation (G1 Evacuation Pause)
Event: 37.556 Executing VM operation: G1CollectForAllocation (G1 Evacuation Pause) done
Event: 37.681 Executing VM operation: G1TryInitiateConcMark (G1 Humongous Allocation)
Event: 37.729 Executing VM operation: G1TryInitiateConcMark (G1 Humongous Allocation) done
Event: 37.914 Executing VM operation: G1CollectForAllocation (G1 Evacuation Pause)
Event: 37.927 Executing VM operation: G1CollectForAllocation (G1 Evacuation Pause) done
Event: 37.959 Executing VM operation: HandshakeAllThreads (Deoptimize)
Event: 37.959 Executing VM operation: HandshakeAllThreads (Deoptimize) done
Event: 37.970 Executing VM operation: HandshakeAllThreads (Deoptimize)
Event: 37.970 Executing VM operation: HandshakeAllThreads (Deoptimize) done
Event: 38.003 Executing VM operation: ICBufferFull
Event: 38.003 Executing VM operation: ICBufferFull done
Event: 38.013 Executing VM operation: G1PauseRemark

Memory protections (0 events):
No events

Nmethod flushes (20 events):
Event: 38.019 Thread 0x000001e4249ce0d0 flushing  nmethod 0x000001e4100aeb90
Event: 38.019 Thread 0x000001e4249ce0d0 flushing  nmethod 0x000001e4100af710
Event: 38.019 Thread 0x000001e4249ce0d0 flushing  nmethod 0x000001e4103a9410
Event: 38.019 Thread 0x000001e4249ce0d0 flushing  nmethod 0x000001e410636990
Event: 38.019 Thread 0x000001e4249ce0d0 flushing  nmethod 0x000001e4106caa10
Event: 38.019 Thread 0x000001e4249ce0d0 flushing  nmethod 0x000001e411158710
Event: 38.019 Thread 0x000001e4249ce0d0 flushing  nmethod 0x000001e41115b310
Event: 38.019 Thread 0x000001e4249ce0d0 flushing  nmethod 0x000001e411301b10
Event: 38.019 Thread 0x000001e4249ce0d0 flushing  nmethod 0x000001e41166c410
Event: 38.019 Thread 0x000001e4249ce0d0 flushing  nmethod 0x000001e41166cc10
Event: 38.019 Thread 0x000001e4249ce0d0 flushing  nmethod 0x000001e4118a4390
Event: 38.019 Thread 0x000001e4249ce0d0 flushing  nmethod 0x000001e4118a4890
Event: 38.019 Thread 0x000001e4249ce0d0 flushing  nmethod 0x000001e4118a5a10
Event: 38.019 Thread 0x000001e4249ce0d0 flushing  nmethod 0x000001e4118a6290
Event: 38.019 Thread 0x000001e4249ce0d0 flushing  nmethod 0x000001e411990910
Event: 38.019 Thread 0x000001e4249ce0d0 flushing  nmethod 0x000001e411991e10
Event: 38.019 Thread 0x000001e4249ce0d0 flushing  nmethod 0x000001e4100c2510
Event: 38.019 Thread 0x000001e4249ce0d0 flushing  nmethod 0x000001e41161e590
Event: 38.019 Thread 0x000001e4249ce0d0 flushing  nmethod 0x000001e4118dea90
Event: 38.019 Thread 0x000001e4249ce0d0 flushing  nmethod 0x000001e411e14610

Events (20 events):
Event: 34.949 Thread 0x000001e46bf0fd50 Thread added: 0x000001e46bf13860
Event: 34.949 Thread 0x000001e46bf103e0 Thread added: 0x000001e46bf10a70
Event: 34.949 Thread 0x000001e46bf13860 Thread added: 0x000001e46bf11e20
Event: 35.478 Thread 0x000001e4761be480 Thread added: 0x000001e46bf131d0
Event: 35.486 Thread 0x000001e4767c8bd0 Thread added: 0x000001e46bf13ef0
Event: 37.417 Thread 0x000001e46bf31680 Thread added: 0x000001e47760d4e0
Event: 37.418 Thread 0x000001e46bf31680 Thread added: 0x000001e47760a6f0
Event: 37.420 Thread 0x000001e47760d4e0 Thread added: 0x000001e47760a060
Event: 37.420 Thread 0x000001e47760a6f0 Thread added: 0x000001e47760db70
Event: 37.420 Thread 0x000001e47760a060 Thread added: 0x000001e47760e200
Event: 37.420 Thread 0x000001e47760db70 Thread added: 0x000001e47760ce50
Event: 37.420 Thread 0x000001e47760e200 Thread added: 0x000001e47760ad80
Event: 37.420 Thread 0x000001e47760ce50 Thread added: 0x000001e47760c7c0
Event: 37.421 Thread 0x000001e47760ad80 Thread added: 0x000001e47760e890
Event: 37.421 Thread 0x000001e47760c7c0 Thread added: 0x000001e47760c130
Event: 37.421 Thread 0x000001e47760e890 Thread added: 0x000001e47760ef20
Event: 37.421 Thread 0x000001e47760c130 Thread added: 0x000001e47760baa0
Event: 37.557 Thread 0x000001e46bf131d0 Thread exited: 0x000001e46bf131d0
Event: 37.558 Thread 0x000001e46bf330c0 Thread exited: 0x000001e46bf330c0
Event: 37.567 Thread 0x000001e46bf13ef0 Thread exited: 0x000001e46bf13ef0


Dynamic libraries:
0x00007ff73d810000 - 0x00007ff73d81e000 	C:\Users\jmedi\.gradle\jdks\eclipse_adoptium-21-amd64-windows.2\bin\java.exe
0x00007ff81d900000 - 0x00007ff81db67000 	C:\WINDOWS\SYSTEM32\ntdll.dll
0x00007ff81c470000 - 0x00007ff81c539000 	C:\WINDOWS\System32\KERNEL32.DLL
0x00007ff81a480000 - 0x00007ff81a877000 	C:\WINDOWS\System32\KERNELBASE.dll
0x00007ff81a330000 - 0x00007ff81a47b000 	C:\WINDOWS\System32\ucrtbase.dll
0x00007fffe3800000 - 0x00007fffe381e000 	C:\Users\jmedi\.gradle\jdks\eclipse_adoptium-21-amd64-windows.2\bin\VCRUNTIME140.dll
0x00007fffe3c70000 - 0x00007fffe3c88000 	C:\Users\jmedi\.gradle\jdks\eclipse_adoptium-21-amd64-windows.2\bin\jli.dll
0x00007ff81d540000 - 0x00007ff81d706000 	C:\WINDOWS\System32\USER32.dll
0x00007ff800360000 - 0x00007ff8005f2000 	C:\WINDOWS\WinSxS\amd64_microsoft.windows.common-controls_6595b64144ccf1df_6.0.26100.8328_none_3e08182ce334b678\COMCTL32.dll
0x00007ff81b2e0000 - 0x00007ff81b307000 	C:\WINDOWS\System32\win32u.dll
0x00007ff81bf70000 - 0x00007ff81c019000 	C:\WINDOWS\System32\msvcrt.dll
0x00007ff81c020000 - 0x00007ff81c04b000 	C:\WINDOWS\System32\GDI32.dll
0x00007ff81b490000 - 0x00007ff81b5bc000 	C:\WINDOWS\System32\gdi32full.dll
0x00007ff81a880000 - 0x00007ff81a923000 	C:\WINDOWS\System32\msvcp_win.dll
0x00007ff81d310000 - 0x00007ff81d342000 	C:\WINDOWS\System32\IMM32.DLL
0x00007fffed060000 - 0x00007fffed06c000 	C:\Users\jmedi\.gradle\jdks\eclipse_adoptium-21-amd64-windows.2\bin\vcruntime140_1.dll
0x00007fffde6a0000 - 0x00007fffde72d000 	C:\Users\jmedi\.gradle\jdks\eclipse_adoptium-21-amd64-windows.2\bin\msvcp140.dll
0x00007fff49b50000 - 0x00007fff4a8e0000 	C:\Users\jmedi\.gradle\jdks\eclipse_adoptium-21-amd64-windows.2\bin\server\jvm.dll
0x00007ff81bc80000 - 0x00007ff81bd36000 	C:\WINDOWS\System32\ADVAPI32.dll
0x00007ff81bec0000 - 0x00007ff81bf67000 	C:\WINDOWS\System32\sechost.dll
0x00007ff81d420000 - 0x00007ff81d538000 	C:\WINDOWS\System32\RPCRT4.dll
0x00007ff81c3e0000 - 0x00007ff81c460000 	C:\WINDOWS\System32\WS2_32.dll
0x00007ff81a190000 - 0x00007ff81a1ee000 	C:\WINDOWS\SYSTEM32\POWRPROF.dll
0x00007ff812140000 - 0x00007ff81214b000 	C:\WINDOWS\SYSTEM32\VERSION.dll
0x00007ff809ff0000 - 0x00007ff80a026000 	C:\WINDOWS\SYSTEM32\WINMM.dll
0x00007ff81a170000 - 0x00007ff81a184000 	C:\WINDOWS\SYSTEM32\UMPDC.dll
0x00007ff819080000 - 0x00007ff81909b000 	C:\WINDOWS\SYSTEM32\kernel.appcore.dll
0x00007fffec990000 - 0x00007fffec99a000 	C:\Users\jmedi\.gradle\jdks\eclipse_adoptium-21-amd64-windows.2\bin\jimage.dll
0x00007ff810a70000 - 0x00007ff810cb2000 	C:\WINDOWS\SYSTEM32\DBGHELP.DLL
0x00007ff81c050000 - 0x00007ff81c3d3000 	C:\WINDOWS\System32\combase.dll
0x00007ff81b920000 - 0x00007ff81b9f9000 	C:\WINDOWS\System32\OLEAUT32.dll
0x00007ff80c7f0000 - 0x00007ff80c82b000 	C:\WINDOWS\SYSTEM32\dbgcore.DLL
0x00007ff81b230000 - 0x00007ff81b2d8000 	C:\WINDOWS\System32\bcryptPrimitives.dll
0x00007fffe9220000 - 0x00007fffe922f000 	C:\Users\jmedi\.gradle\jdks\eclipse_adoptium-21-amd64-windows.2\bin\instrument.dll
0x00007fffe35a0000 - 0x00007fffe35bf000 	C:\Users\jmedi\.gradle\jdks\eclipse_adoptium-21-amd64-windows.2\bin\java.dll
0x00007ff81cb90000 - 0x00007ff81d2fe000 	C:\WINDOWS\System32\SHELL32.dll
0x00007ff81a9c0000 - 0x00007ff81b22c000 	C:\WINDOWS\System32\windows.storage.dll
0x00007ff81bd40000 - 0x00007ff81be36000 	C:\WINDOWS\System32\SHCORE.dll
0x00007ff81ba00000 - 0x00007ff81ba66000 	C:\WINDOWS\System32\shlwapi.dll
0x00007ff81a250000 - 0x00007ff81a279000 	C:\WINDOWS\SYSTEM32\profapi.dll
0x00007fffde5c0000 - 0x00007fffde697000 	C:\Users\jmedi\.gradle\jdks\eclipse_adoptium-21-amd64-windows.2\bin\jsvml.dll
0x00007fffe3390000 - 0x00007fffe33a8000 	C:\Users\jmedi\.gradle\jdks\eclipse_adoptium-21-amd64-windows.2\bin\zip.dll
0x00007fffe7160000 - 0x00007fffe7170000 	C:\Users\jmedi\.gradle\jdks\eclipse_adoptium-21-amd64-windows.2\bin\net.dll
0x00007ff814550000 - 0x00007ff814679000 	C:\WINDOWS\SYSTEM32\WINHTTP.dll
0x00007ff8195d0000 - 0x00007ff81963c000 	C:\WINDOWS\system32\mswsock.dll
0x00007fffe2f20000 - 0x00007fffe2f36000 	C:\Users\jmedi\.gradle\jdks\eclipse_adoptium-21-amd64-windows.2\bin\nio.dll
0x00007fffe37f0000 - 0x00007fffe3800000 	C:\Users\jmedi\.gradle\jdks\eclipse_adoptium-21-amd64-windows.2\bin\verify.dll
0x00007fffe3d20000 - 0x00007fffe3d47000 	C:\Users\jmedi\.gradle\native\660c5614fbf4a5f2a75b1949f50a0caf5cd603558e7d8a26e50b933a0cfb79d1\windows-amd64\native-platform.dll
0x00007fffde540000 - 0x00007fffde5b7000 	C:\Users\jmedi\.gradle\native\0.2.8\x86_64-windows-gnu\gradle-fileevents.dll
0x00007ff8172a0000 - 0x00007ff8172aa000 	C:\Users\jmedi\.gradle\jdks\eclipse_adoptium-21-amd64-windows.2\bin\management.dll
0x00007ff800c10000 - 0x00007ff800c1b000 	C:\Users\jmedi\.gradle\jdks\eclipse_adoptium-21-amd64-windows.2\bin\management_ext.dll
0x00007ff81d8b0000 - 0x00007ff81d8b8000 	C:\WINDOWS\System32\PSAPI.DLL
0x00007ff818a70000 - 0x00007ff818aa2000 	C:\WINDOWS\SYSTEM32\IPHLPAPI.DLL
0x00007ff81d410000 - 0x00007ff81d41a000 	C:\WINDOWS\System32\NSI.dll
0x00007ff800c00000 - 0x00007ff800c09000 	C:\Users\jmedi\.gradle\jdks\eclipse_adoptium-21-amd64-windows.2\bin\extnet.dll
0x00007ff8199d0000 - 0x00007ff8199eb000 	C:\WINDOWS\SYSTEM32\CRYPTSP.dll
0x00007ff818fe0000 - 0x00007ff819019000 	C:\WINDOWS\system32\rsaenh.dll
0x00007ff819680000 - 0x00007ff8196b3000 	C:\WINDOWS\SYSTEM32\USERENV.dll
0x00007ff81a220000 - 0x00007ff81a24a000 	C:\WINDOWS\SYSTEM32\bcrypt.dll
0x00007ff819830000 - 0x00007ff81983c000 	C:\WINDOWS\SYSTEM32\CRYPTBASE.dll
0x00007ffffbb80000 - 0x00007ffffbb8e000 	C:\Users\jmedi\.gradle\jdks\eclipse_adoptium-21-amd64-windows.2\bin\sunmscapi.dll
0x00007ff81b310000 - 0x00007ff81b488000 	C:\WINDOWS\System32\CRYPT32.dll
0x00007ff819b30000 - 0x00007ff819b60000 	C:\WINDOWS\SYSTEM32\ncrypt.dll
0x00007ff819ae0000 - 0x00007ff819b1f000 	C:\WINDOWS\SYSTEM32\NTASN1.dll
0x00007ffffb790000 - 0x00007ffffb798000 	C:\WINDOWS\system32\wshunix.dll
0x00007ffffb180000 - 0x00007ffffb198000 	C:\WINDOWS\system32\napinsp.dll
0x00007ff818b00000 - 0x00007ff818c32000 	C:\WINDOWS\SYSTEM32\DNSAPI.dll
0x00007fffeea70000 - 0x00007fffeea83000 	C:\WINDOWS\System32\winrnr.dll
0x00007fffdbcf0000 - 0x00007fffdbd12000 	C:\WINDOWS\system32\nlansp_c.dll
0x00007fffe6700000 - 0x00007fffe6716000 	C:\WINDOWS\system32\wshbth.dll
0x00007ff813ce0000 - 0x00007ff813ceb000 	C:\Windows\System32\rasadhlp.dll
0x00007ff814ea0000 - 0x00007ff814f26000 	C:\WINDOWS\System32\fwpuclnt.dll
0x00007ff8191a0000 - 0x00007ff8191d6000 	C:\WINDOWS\SYSTEM32\ntmarta.dll

dbghelp: loaded successfully - version: 4.0.5 - missing functions: none
symbol engine: initialized successfully - sym options: 0x614 - pdb path: .;C:\Users\jmedi\.gradle\jdks\eclipse_adoptium-21-amd64-windows.2\bin;C:\WINDOWS\SYSTEM32;C:\WINDOWS\WinSxS\amd64_microsoft.windows.common-controls_6595b64144ccf1df_6.0.26100.8328_none_3e08182ce334b678;C:\Users\jmedi\.gradle\jdks\eclipse_adoptium-21-amd64-windows.2\bin\server;C:\Users\jmedi\.gradle\native\660c5614fbf4a5f2a75b1949f50a0caf5cd603558e7d8a26e50b933a0cfb79d1\windows-amd64;C:\Users\jmedi\.gradle\native\0.2.8\x86_64-windows-gnu

VM Arguments:
jvm_args: --add-opens=java.base/java.lang=ALL-UNNAMED --add-opens=java.base/java.lang.invoke=ALL-UNNAMED --add-opens=java.base/java.util=ALL-UNNAMED --add-opens=java.prefs/java.util.prefs=ALL-UNNAMED --add-exports=jdk.compiler/com.sun.tools.javac.api=ALL-UNNAMED --add-exports=jdk.compiler/com.sun.tools.javac.util=ALL-UNNAMED --add-opens=java.base/java.util=ALL-UNNAMED --add-opens=java.prefs/java.util.prefs=ALL-UNNAMED --add-opens=java.base/java.nio.charset=ALL-UNNAMED --add-opens=java.base/java.net=ALL-UNNAMED --add-opens=java.base/java.util.concurrent=ALL-UNNAMED --add-opens=java.base/java.util.concurrent.atomic=ALL-UNNAMED --add-opens=java.xml/javax.xml.namespace=ALL-UNNAMED --add-opens=java.base/java.time=ALL-UNNAMED -Xmx2048m -Dfile.encoding=UTF-8 -Duser.country=MX -Duser.language=es -Duser.variant -javaagent:C:\Users\jmedi\.gradle\wrapper\dists\gradle-9.2.1-bin\2t0n5ozlw9xmuyvbp7dnzaxug\gradle-9.2.1\lib\agents\gradle-instrumentation-agent-9.2.1.jar 
java_command: org.gradle.launcher.daemon.bootstrap.GradleDaemon 9.2.1
java_class_path (initial): C:\Users\jmedi\.gradle\wrapper\dists\gradle-9.2.1-bin\2t0n5ozlw9xmuyvbp7dnzaxug\gradle-9.2.1\lib\gradle-daemon-main-9.2.1.jar
Launcher Type: SUN_STANDARD

[Global flags]
     intx CICompilerCount                          = 4                                         {product} {ergonomic}
     uint ConcGCThreads                            = 3                                         {product} {ergonomic}
     uint G1ConcRefinementThreads                  = 10                                        {product} {ergonomic}
   size_t G1HeapRegionSize                         = 1048576                                   {product} {ergonomic}
    uintx GCDrainStackTargetSize                   = 64                                        {product} {ergonomic}
   size_t InitialHeapSize                          = 121634816                                 {product} {ergonomic}
   size_t MarkStackSize                            = 4194304                                   {product} {ergonomic}
   size_t MaxHeapSize                              = 2147483648                                {product} {command line}
   size_t MaxNewSize                               = 1287651328                                {product} {ergonomic}
   size_t MinHeapDeltaBytes                        = 1048576                                   {product} {ergonomic}
   size_t MinHeapSize                              = 8388608                                   {product} {ergonomic}
    uintx NonNMethodCodeHeapSize                   = 5839372                                {pd product} {ergonomic}
    uintx NonProfiledCodeHeapSize                  = 122909434                              {pd product} {ergonomic}
    uintx ProfiledCodeHeapSize                     = 122909434                              {pd product} {ergonomic}
    uintx ReservedCodeCacheSize                    = 251658240                              {pd product} {ergonomic}
     bool SegmentedCodeCache                       = true                                      {product} {ergonomic}
   size_t SoftMaxHeapSize                          = 2147483648                             {manageable} {ergonomic}
     bool UseCompressedOops                        = true                           {product lp64_product} {ergonomic}
     bool UseG1GC                                  = true                                      {product} {ergonomic}
     bool UseLargePagesIndividualAllocation        = false                                  {pd product} {ergonomic}

Logging:
Log output configuration:
 #0: stdout all=warning uptime,level,tags foldmultilines=false
 #1: stderr all=off uptime,level,tags foldmultilines=false

Environment Variables:
PATH=C:\Program Files\Common Files\Oracle\Java\javapath;C:\Python314\Scripts\;C:\Python314\;C:\Program Files\Python312\Scripts\;C:\Program Files\Python312\;C:\WINDOWS\system32;C:\WINDOWS;C:\WINDOWS\System32\Wbem;C:\WINDOWS\System32\WindowsPowerShell\v1.0\;C:\WINDOWS\System32\OpenSSH\;C:\Program Files\NVIDIA Corporation\NVIDIA App\NvDLISR;C:\Program Files (x86)\NVIDIA Corporation\PhysX\Common;C:\Program Files\dotnet\;C:\Program Files\Git\cmd;C:\Program Files\nodejs\;C:\ProgramData\chocolatey\bin;C:\Users\jmedi\.local\bin;C:\Users\jmedi\AppData\Local\Microsoft\WindowsApps;C:\Users\jmedi\AppData\Local\PowerToys\DSCModules\;C:\Users\jmedi\AppData\Local\Programs\Microsoft VS Code\bin;C:\Users\jmedi\AppData\Local\Python\bin;C:\Users\jmedi\AppData\Roaming\npm;C:\Users\jmedi\AppData\Local\gitkraken\bin;C:\Program Files\HP\OMEN-Broadcast\Common;C:\Program Files\Docker\Docker\resources\bin;C:\Program Files (x86)\HP\HP OCR\DB_Lib\;C:\Program Files\HP\Common\HPDestPlgIn\;C:\Program Files (x86)\HP\Common\HPDestPlgIn\;c:\Users\jmedi\AppData\Local\Programs\cursor\resources\app\codeBin;C:\Users\jmedi\.local\bin;C:\Users\jmedi\AppData\Local\Microsoft\WindowsApps;C:\Users\jmedi\AppData\Local\PowerToys\DSCModules\;C:\Users\jmedi\AppData\Local\Programs\Microsoft VS Code\bin;C:\Users\jmedi\AppData\Local\Python\bin;C:\Users\jmedi\AppData\Roaming\npm;C:\Users\jmedi\AppData\Local\gitkraken\bin;C:\Users\jmedi\AppData\Local\Programs\Antigravity\bin;C:\Users\jmedi\AppData\Local\Programs\Ollama;C:\Users\jmedi\AppData\Local\Programs\cursor\resources\app\bin;C:\Program Files\JetBrains\IntelliJ IDEA 2026.1.1\bin;C:\Program Files\HP\Common\HPDestPlgIn\;C:\Program Files (x86)\HP\Common\HPDestPlgIn\
USERNAME=jmedi
TERM=xterm
OS=Windows_NT
PROCESSOR_IDENTIFIER=AMD64 Family 25 Model 117 Stepping 2, AuthenticAMD
TMP=C:\Users\jmedi\AppData\Local\Temp
TEMP=C:\Users\jmedi\AppData\Local\Temp




Periodic native trim disabled

---------------  S Y S T E M  ---------------

OS:
 Windows 11 , 64 bit Build 26100 (10.0.26100.8328)
OS uptime: 0 days 13:11 hours
Hyper-V role detected

CPU: total 12 (initial active 12) (12 cores per cpu, 2 threads per core) family 25 model 117 stepping 2 microcode 0xa70520a, cx8, cmov, fxsr, ht, mmx, 3dnowpref, sse, sse2, sse3, ssse3, sse4a, sse4.1, sse4.2, popcnt, lzcnt, tsc, tscinvbit, avx, avx2, aes, erms, clmul, bmi1, bmi2, adx, avx512f, avx512dq, avx512cd, avx512bw, avx512vl, sha, fma, vzeroupper, avx512_vpopcntdq, avx512_vpclmulqdq, avx512_vaes, avx512_vnni, clflush, clflushopt, avx512_vbmi2, avx512_vbmi, hv, rdtscp, rdpid, fsrm, gfni, avx512_bitalg, f16c, cet_ss, avx512_ifma
Processor Information for the first 12 processors :
  Max Mhz: 4301, Current Mhz: 4301, Mhz Limit: 4301

Memory: 4k page, system-wide physical 7407M (269M free)
TotalPageFile size 29935M (AvailPageFile size 145M)
current process WorkingSet (physical memory assigned to process): 896M, peak: 1008M
current process commit charge ("private bytes"): 1334M, peak: 1532M

vm_info: OpenJDK 64-Bit Server VM (21.0.7+6-LTS) for windows-amd64 JRE (21.0.7+6-LTS), built on 2025-04-15T00:00:00Z by "admin" with MS VC++ 17.7 (VS2022)

END.
